2500003,20130927164400,1917
3,梅田芸術劇場メインホール,,,,0,1,1,23,1,6,40,6,40,0,0,0,1
3,梅田芸術劇場メインホール,,,,0,1,1,24,1,6,41,6,41,0,0,0,1
3,梅田芸術劇場メインホール,,,,0,1,1,25,1,6,42,6,42,0,0,0,1
3,梅田芸術劇場メインホール,,,,0,1,1,26,1,6,44,6,44,0,0,0,1
3,梅田芸術劇場メインホール,,,,0,1,1,27,1,6,45,6,45,0,0,0,1
3,梅田芸術劇場メインホール,,,,0,1,1,28,1,6,46,6,46,0,0,0,1
3,梅田芸術劇場メインホール,,,,0,1,1,29,1,6,47,6,47,0,0,0,1
3,梅田芸術劇場メインホール,,,,0,1,1,30,1,6,48,6,48,0,0,0,1
3,梅田芸術劇場メインホール,,,,0,1,1,31,1,6,49,6,49,0,0,0,1
3,梅田芸術劇場メインホール,,,,0,1,1,32,1,6,50,6,50,0,0,0,1
3,梅田芸術劇場メインホール,,,,0,1,1,33,1,6,51,6,51,0,0,0,1
3,梅田芸術劇場メインホール,,,,0,1,1,34,1,6,52,6,52,0,0,0,1
3,梅田芸術劇場メインホール,,,,0,1,1,35,1,6,53,6,53,0,0,0,1
3,梅田芸術劇場メインホール,,,,0,1,1,36,1,6,54,6,54,0,0,0,1
3,梅田芸術劇場メインホール,,,,0,1,1,37,1,6,55,6,55,0,0,0,1
3,梅田芸術劇場メインホール,,,,0,1,1,38,1,6,57,6,57,0,0,0,1
3,梅田芸術劇場メインホール,,,,0,1,1,39,1,6,58,6,58,0,0,0,1
3,梅田芸術劇場メインホール,,,,0,1,1,40,1,6,59,6,59,0,0,0,1
3,梅田芸術劇場メインホール,,,,0,1,2,20,1,7,37,7,37,0,0,0,1
3,梅田芸術劇場メインホール,,,,0,1,2,21,1,7,38,7,38,0,0,0,1
3,梅田芸術劇場メインホール,,,,0,1,2,22,1,7,39,7,39,0,0,0,1
3,梅田芸術劇場メインホール,,,,0,1,2,23,1,7,40,7,40,0,0,0,1
3,梅田芸術劇場メインホール,,,,0,1,2,24,1,7,41,7,41,0,0,0,1
3,梅田芸術劇場メインホール,,,,0,1,2,25,1,7,42,7,42,0,0,0,1
3,梅田芸術劇場メインホール,,,,0,1,2,26,1,7,44,7,44,0,0,0,1
3,梅田芸術劇場メインホール,,,,0,1,2,27,1,7,45,7,45,0,0,0,1
3,梅田芸術劇場メインホール,,,,0,1,2,28,1,7,46,7,46,0,0,0,1
3,梅田芸術劇場メインホール,,,,0,1,2,29,1,7,47,7,47,0,0,0,1
3,梅田芸術劇場メインホール,,,,0,1,2,30,1,7,48,7,48,0,0,0,1
3,梅田芸術劇場メインホール,,,,0,1,2,31,1,7,49,7,49,0,0,0,1
3,梅田芸術劇場メインホール,,,,0,1,2,32,1,7,50,7,50,0,0,0,1
3,梅田芸術劇場メインホール,,,,0,1,2,33,1,7,51,7,51,0,0,0,1
3,梅田芸術劇場メインホール,,,,0,1,2,34,1,7,52,7,52,0,0,0,1
3,梅田芸術劇場メインホール,,,,0,1,2,35,1,7,53,7,53,0,0,0,1
3,梅田芸術劇場メインホール,,,,0,1,2,36,1,7,54,7,54,0,0,0,1
3,梅田芸術劇場メインホール,,,,0,1,2,37,1,7,55,7,55,0,0,0,1
3,梅田芸術劇場メインホール,,,,0,1,2,38,1,7,57,7,57,0,0,0,1
3,梅田芸術劇場メインホール,,,,0,1,2,39,1,7,58,7,58,0,0,0,1
3,梅田芸術劇場メインホール,,,,0,1,2,40,1,7,59,7,59,0,0,0,1
3,梅田芸術劇場メインホール,,,,0,1,2,41,1,7,60,7,60,0,0,0,1
3,梅田芸術劇場メインホール,,,,0,1,2,42,1,7,61,7,61,0,0,0,1
3,梅田芸術劇場メインホール,,,,0,1,2,43,1,7,62,7,62,0,0,0,1
3,梅田芸術劇場メインホール,,,,0,1,3,18,1,8,35,8,35,0,0,0,1
3,梅田芸術劇場メインホール,,,,0,1,3,19,1,8,36,8,36,0,0,0,1
3,梅田芸術劇場メインホール,,,,0,1,3,20,1,8,37,8,37,0,0,0,1
3,梅田芸術劇場メインホール,,,,0,1,3,21,1,8,38,8,38,0,0,0,1
3,梅田芸術劇場メインホール,,,,0,1,3,22,1,8,39,8,39,0,0,0,1
3,梅田芸術劇場メインホール,,,,0,1,3,23,1,8,40,8,40,0,0,0,1
3,梅田芸術劇場メインホール,,,,0,1,3,24,1,8,41,8,41,0,0,0,1
3,梅田芸術劇場メインホール,,,,0,1,3,25,1,8,42,8,42,0,0,0,1
3,梅田芸術劇場メインホール,,,,0,1,3,26,1,8,44,8,44,0,0,0,1
3,梅田芸術劇場メインホール,,,,0,1,3,27,1,8,45,8,45,0,0,0,1
3,梅田芸術劇場メインホール,,,,0,1,3,28,1,8,46,8,46,0,0,0,1
3,梅田芸術劇場メインホール,,,,0,1,3,29,1,8,47,8,47,0,0,0,1
3,梅田芸術劇場メインホール,,,,0,1,3,30,1,8,48,8,48,0,0,0,1
3,梅田芸術劇場メインホール,,,,0,1,3,31,1,8,49,8,49,0,0,0,1
3,梅田芸術劇場メインホール,,,,0,1,3,32,1,8,50,8,50,0,0,0,1
3,梅田芸術劇場メインホール,,,,0,1,3,33,1,8,51,8,51,0,0,0,1
3,梅田芸術劇場メインホール,,,,0,1,3,34,1,8,52,8,52,0,0,0,1
3,梅田芸術劇場メインホール,,,,0,1,3,35,1,8,53,8,53,0,0,0,1
3,梅田芸術劇場メインホール,,,,0,1,3,36,1,8,54,8,54,0,0,0,1
3,梅田芸術劇場メインホール,,,,0,1,3,37,1,8,55,8,55,0,0,0,1
3,梅田芸術劇場メインホール,,,,0,1,3,38,1,8,57,8,57,0,0,0,1
3,梅田芸術劇場メインホール,,,,0,1,3,39,1,8,58,8,58,0,0,0,1
3,梅田芸術劇場メインホール,,,,0,1,3,40,1,8,59,8,59,0,0,0,1
3,梅田芸術劇場メインホール,,,,0,1,3,41,1,8,60,8,60,0,0,0,1
3,梅田芸術劇場メインホール,,,,0,1,3,42,1,8,61,8,61,0,0,0,1
3,梅田芸術劇場メインホール,,,,0,1,3,43,1,8,62,8,62,0,0,0,1
3,梅田芸術劇場メインホール,,,,0,1,3,44,1,8,63,8,63,0,0,0,1
3,梅田芸術劇場メインホール,,,,0,1,3,45,1,8,64,8,64,0,0,0,1
3,梅田芸術劇場メインホール,,,,0,1,4,16,1,10,33,10,33,0,0,0,1
3,梅田芸術劇場メインホール,,,,0,1,4,17,1,10,34,10,34,0,0,0,1
3,梅田芸術劇場メインホール,,,,0,1,4,18,1,10,35,10,35,0,0,0,1
3,梅田芸術劇場メインホール,,,,0,1,4,19,1,10,36,10,36,0,0,0,1
3,梅田芸術劇場メインホール,,,,0,1,4,20,1,10,37,10,37,0,0,0,1
3,梅田芸術劇場メインホール,,,,0,1,4,21,1,10,38,10,38,0,0,0,1
3,梅田芸術劇場メインホール,,,,0,1,4,22,1,10,39,10,39,0,0,0,1
3,梅田芸術劇場メインホール,,,,0,1,4,23,1,10,40,10,40,0,0,0,1
3,梅田芸術劇場メインホール,,,,0,1,4,24,1,10,41,10,41,0,0,0,1
3,梅田芸術劇場メインホール,,,,0,1,4,25,1,10,42,10,42,0,0,0,1
3,梅田芸術劇場メインホール,,,,0,1,4,26,1,10,44,10,44,0,0,0,1
3,梅田芸術劇場メインホール,,,,0,1,4,27,1,10,45,10,45,0,0,0,1
3,梅田芸術劇場メインホール,,,,0,1,4,28,1,10,46,10,46,0,0,0,1
3,梅田芸術劇場メインホール,,,,0,1,4,29,1,10,47,10,47,0,0,0,1
3,梅田芸術劇場メインホール,,,,0,1,4,30,1,10,48,10,48,0,0,0,1
3,梅田芸術劇場メインホール,,,,0,1,4,31,1,10,49,10,49,0,0,0,1
3,梅田芸術劇場メインホール,,,,0,1,4,32,1,10,50,10,50,0,0,0,1
3,梅田芸術劇場メインホール,,,,0,1,4,33,1,10,51,10,51,0,0,0,1
3,梅田芸術劇場メインホール,,,,0,1,4,34,1,10,52,10,52,0,0,0,1
3,梅田芸術劇場メインホール,,,,0,1,4,35,1,10,53,10,53,0,0,0,1
3,梅田芸術劇場メインホール,,,,0,1,4,36,1,10,54,10,54,0,0,0,1
3,梅田芸術劇場メインホール,,,,0,1,4,37,1,10,55,10,55,0,0,0,1
3,梅田芸術劇場メインホール,,,,0,1,4,38,1,10,57,10,57,0,0,0,1
3,梅田芸術劇場メインホール,,,,0,1,4,39,1,10,58,10,58,0,0,0,1
3,梅田芸術劇場メインホール,,,,0,1,4,40,1,10,59,10,59,0,0,0,1
3,梅田芸術劇場メインホール,,,,0,1,4,41,1,10,60,10,60,0,0,0,1
3,梅田芸術劇場メインホール,,,,0,1,4,42,1,10,61,10,61,0,0,0,1
3,梅田芸術劇場メインホール,,,,0,1,4,43,1,10,62,10,62,0,0,0,1
3,梅田芸術劇場メインホール,,,,0,1,4,44,1,10,63,10,63,0,0,0,1
3,梅田芸術劇場メインホール,,,,0,1,4,45,1,10,64,10,64,0,0,0,1
3,梅田芸術劇場メインホール,,,,0,1,4,46,1,10,65,10,65,0,0,0,1
3,梅田芸術劇場メインホール,,,,0,1,4,47,1,10,66,10,66,0,0,0,1
3,梅田芸術劇場メインホール,,,,0,1,5,14,1,11,31,11,31,0,0,0,1
3,梅田芸術劇場メインホール,,,,0,1,5,15,1,11,32,11,32,0,0,0,1
3,梅田芸術劇場メインホール,,,,0,1,5,16,1,11,33,11,33,0,0,0,1
3,梅田芸術劇場メインホール,,,,0,1,5,17,1,11,34,11,34,0,0,0,1
3,梅田芸術劇場メインホール,,,,0,1,5,18,1,11,35,11,35,0,0,0,1
3,梅田芸術劇場メインホール,,,,0,1,5,19,1,11,36,11,36,0,0,0,1
3,梅田芸術劇場メインホール,,,,0,1,5,20,1,11,37,11,37,0,0,0,1
3,梅田芸術劇場メインホール,,,,0,1,5,21,1,11,38,11,38,0,0,0,1
3,梅田芸術劇場メインホール,,,,0,1,5,22,1,11,39,11,39,0,0,0,1
3,梅田芸術劇場メインホール,,,,0,1,5,23,1,11,40,11,40,0,0,0,1
3,梅田芸術劇場メインホール,,,,0,1,5,24,1,11,41,11,41,0,0,0,1
3,梅田芸術劇場メインホール,,,,0,1,5,25,1,11,42,11,42,0,0,0,1
3,梅田芸術劇場メインホール,,,,0,1,5,26,1,11,44,11,44,0,0,0,1
3,梅田芸術劇場メインホール,,,,0,1,5,27,1,11,45,11,45,0,0,0,1
3,梅田芸術劇場メインホール,,,,0,1,5,28,1,11,46,11,46,0,0,0,1
3,梅田芸術劇場メインホール,,,,0,1,5,29,1,11,47,11,47,0,0,0,1
3,梅田芸術劇場メインホール,,,,0,1,5,30,1,11,48,11,48,0,0,0,1
3,梅田芸術劇場メインホール,,,,0,1,5,31,1,11,49,11,49,0,0,0,1
3,梅田芸術劇場メインホール,,,,0,1,5,32,1,11,50,11,50,0,0,0,1
3,梅田芸術劇場メインホール,,,,0,1,5,33,1,11,51,11,51,0,0,0,1
3,梅田芸術劇場メインホール,,,,0,1,5,34,1,11,52,11,52,0,0,0,1
3,梅田芸術劇場メインホール,,,,0,1,5,35,1,11,53,11,53,0,0,0,1
3,梅田芸術劇場メインホール,,,,0,1,5,36,1,11,54,11,54,0,0,0,1
3,梅田芸術劇場メインホール,,,,0,1,5,37,1,11,55,11,55,0,0,0,1
3,梅田芸術劇場メインホール,,,,0,1,5,38,1,11,57,11,57,0,0,0,1
3,梅田芸術劇場メインホール,,,,0,1,5,39,1,11,58,11,58,0,0,0,1
3,梅田芸術劇場メインホール,,,,0,1,5,40,1,11,59,11,59,0,0,0,1
3,梅田芸術劇場メインホール,,,,0,1,5,41,1,11,60,11,60,0,0,0,1
3,梅田芸術劇場メインホール,,,,0,1,5,42,1,11,61,11,61,0,0,0,1
3,梅田芸術劇場メインホール,,,,0,1,5,43,1,11,62,11,62,0,0,0,1
3,梅田芸術劇場メインホール,,,,0,1,5,44,1,11,63,11,63,0,0,0,1
3,梅田芸術劇場メインホール,,,,0,1,5,45,1,11,64,11,64,0,0,0,1
3,梅田芸術劇場メインホール,,,,0,1,5,46,1,11,65,11,65,0,0,0,1
3,梅田芸術劇場メインホール,,,,0,1,5,47,1,11,66,11,66,0,0,0,1
3,梅田芸術劇場メインホール,,,,0,1,5,48,1,11,67,11,67,0,0,0,1
3,梅田芸術劇場メインホール,,,,0,1,5,49,1,11,68,11,68,0,0,0,1
3,梅田芸術劇場メインホール,,,,0,1,6,14,1,12,31,12,31,0,0,0,1
3,梅田芸術劇場メインホール,,,,0,1,6,15,1,12,32,12,32,0,0,0,1
3,梅田芸術劇場メインホール,,,,0,1,6,16,1,12,33,12,33,0,0,0,1
3,梅田芸術劇場メインホール,,,,0,1,6,17,1,12,34,12,34,0,0,0,1
3,梅田芸術劇場メインホール,,,,0,1,6,18,1,12,35,12,35,0,0,0,1
3,梅田芸術劇場メインホール,,,,0,1,6,19,1,12,36,12,36,0,0,0,1
3,梅田芸術劇場メインホール,,,,0,1,6,20,1,12,37,12,37,0,0,0,1
3,梅田芸術劇場メインホール,,,,0,1,6,21,1,12,38,12,38,0,0,0,1
3,梅田芸術劇場メインホール,,,,0,1,6,22,1,12,39,12,39,0,0,0,1
3,梅田芸術劇場メインホール,,,,0,1,6,23,1,12,40,12,40,0,0,0,1
3,梅田芸術劇場メインホール,,,,0,1,6,24,1,12,41,12,41,0,0,0,1
3,梅田芸術劇場メインホール,,,,0,1,6,25,1,12,42,12,42,0,0,0,1
3,梅田芸術劇場メインホール,,,,0,1,6,26,1,12,44,12,44,0,0,0,1
3,梅田芸術劇場メインホール,,,,0,1,6,27,1,12,45,12,45,0,0,0,1
3,梅田芸術劇場メインホール,,,,0,1,6,28,1,12,46,12,46,0,0,0,1
3,梅田芸術劇場メインホール,,,,0,1,6,29,1,12,47,12,47,0,0,0,1
3,梅田芸術劇場メインホール,,,,0,1,6,30,1,12,48,12,48,0,0,0,1
3,梅田芸術劇場メインホール,,,,0,1,6,31,1,12,49,12,49,0,0,0,1
3,梅田芸術劇場メインホール,,,,0,1,6,32,1,12,50,12,50,0,0,0,1
3,梅田芸術劇場メインホール,,,,0,1,6,33,1,12,51,12,51,0,0,0,1
3,梅田芸術劇場メインホール,,,,0,1,6,34,1,12,52,12,52,0,0,0,1
3,梅田芸術劇場メインホール,,,,0,1,6,35,1,12,53,12,53,0,0,0,1
3,梅田芸術劇場メインホール,,,,0,1,6,36,1,12,54,12,54,0,0,0,1
3,梅田芸術劇場メインホール,,,,0,1,6,37,1,12,55,12,55,0,0,0,1
3,梅田芸術劇場メインホール,,,,0,1,6,38,1,12,57,12,57,0,0,0,1
3,梅田芸術劇場メインホール,,,,0,1,6,39,1,12,58,12,58,0,0,0,1
3,梅田芸術劇場メインホール,,,,0,1,6,40,1,12,59,12,59,0,0,0,1
3,梅田芸術劇場メインホール,,,,0,1,6,41,1,12,60,12,60,0,0,0,1
3,梅田芸術劇場メインホール,,,,0,1,6,42,1,12,61,12,61,0,0,0,1
3,梅田芸術劇場メインホール,,,,0,1,6,43,1,12,62,12,62,0,0,0,1
3,梅田芸術劇場メインホール,,,,0,1,6,44,1,12,63,12,63,0,0,0,1
3,梅田芸術劇場メインホール,,,,0,1,6,45,1,12,64,12,64,0,0,0,1
3,梅田芸術劇場メインホール,,,,0,1,6,46,1,12,65,12,65,0,0,0,1
3,梅田芸術劇場メインホール,,,,0,1,6,47,1,12,66,12,66,0,0,0,1
3,梅田芸術劇場メインホール,,,,0,1,6,48,1,12,67,12,67,0,0,0,1
3,梅田芸術劇場メインホール,,,,0,1,6,49,1,12,68,12,68,0,0,0,1
3,梅田芸術劇場メインホール,,,,0,1,7,14,1,13,31,13,31,0,0,0,1
3,梅田芸術劇場メインホール,,,,0,1,7,15,1,13,32,13,32,0,0,0,1
3,梅田芸術劇場メインホール,,,,0,1,7,16,1,13,33,13,33,0,0,0,1
3,梅田芸術劇場メインホール,,,,0,1,7,17,1,13,34,13,34,0,0,0,1
3,梅田芸術劇場メインホール,,,,0,1,7,18,1,13,35,13,35,0,0,0,1
3,梅田芸術劇場メインホール,,,,0,1,7,19,1,13,36,13,36,0,0,0,1
3,梅田芸術劇場メインホール,,,,0,1,7,20,1,13,37,13,37,0,0,0,1
3,梅田芸術劇場メインホール,,,,0,1,7,21,1,13,38,13,38,0,0,0,1
3,梅田芸術劇場メインホール,,,,0,1,7,22,1,13,39,13,39,0,0,0,1
3,梅田芸術劇場メインホール,,,,0,1,7,23,1,13,40,13,40,0,0,0,1
3,梅田芸術劇場メインホール,,,,0,1,7,24,1,13,41,13,41,0,0,0,1
3,梅田芸術劇場メインホール,,,,0,1,7,25,1,13,42,13,42,0,0,0,1
3,梅田芸術劇場メインホール,,,,0,1,7,26,1,13,44,13,44,0,0,0,1
3,梅田芸術劇場メインホール,,,,0,1,7,27,1,13,45,13,45,0,0,0,1
3,梅田芸術劇場メインホール,,,,0,1,7,28,1,13,46,13,46,0,0,0,1
3,梅田芸術劇場メインホール,,,,0,1,7,29,1,13,47,13,47,0,0,0,1
3,梅田芸術劇場メインホール,,,,0,1,7,30,1,13,48,13,48,0,0,0,1
3,梅田芸術劇場メインホール,,,,0,1,7,31,1,13,49,13,49,0,0,0,1
3,梅田芸術劇場メインホール,,,,0,1,7,32,1,13,50,13,50,0,0,0,1
3,梅田芸術劇場メインホール,,,,0,1,7,33,1,13,51,13,51,0,0,0,1
3,梅田芸術劇場メインホール,,,,0,1,7,34,1,13,52,13,52,0,0,0,1
3,梅田芸術劇場メインホール,,,,0,1,7,35,1,13,53,13,53,0,0,0,1
3,梅田芸術劇場メインホール,,,,0,1,7,36,1,13,54,13,54,0,0,0,1
3,梅田芸術劇場メインホール,,,,0,1,7,37,1,13,55,13,55,0,0,0,1
3,梅田芸術劇場メインホール,,,,0,1,7,38,1,13,57,13,57,0,0,0,1
3,梅田芸術劇場メインホール,,,,0,1,7,39,1,13,58,13,58,0,0,0,1
3,梅田芸術劇場メインホール,,,,0,1,7,40,1,13,59,13,59,0,0,0,1
3,梅田芸術劇場メインホール,,,,0,1,7,41,1,13,60,13,60,0,0,0,1
3,梅田芸術劇場メインホール,,,,0,1,7,42,1,13,61,13,61,0,0,0,1
3,梅田芸術劇場メインホール,,,,0,1,7,43,1,13,62,13,62,0,0,0,1
3,梅田芸術劇場メインホール,,,,0,1,7,44,1,13,63,13,63,0,0,0,1
3,梅田芸術劇場メインホール,,,,0,1,7,45,1,13,64,13,64,0,0,0,1
3,梅田芸術劇場メインホール,,,,0,1,7,46,1,13,65,13,65,0,0,0,1
3,梅田芸術劇場メインホール,,,,0,1,7,47,1,13,66,13,66,0,0,0,1
3,梅田芸術劇場メインホール,,,,0,1,7,48,1,13,67,13,67,0,0,0,1
3,梅田芸術劇場メインホール,,,,0,1,7,49,1,13,68,13,68,0,0,0,1
3,梅田芸術劇場メインホール,,,,0,1,8,14,1,14,31,14,31,0,0,0,1
3,梅田芸術劇場メインホール,,,,0,1,8,15,1,14,32,14,32,0,0,0,1
3,梅田芸術劇場メインホール,,,,0,1,8,16,1,14,33,14,33,0,0,0,1
3,梅田芸術劇場メインホール,,,,0,1,8,17,1,14,34,14,34,0,0,0,1
3,梅田芸術劇場メインホール,,,,0,1,8,18,1,14,35,14,35,0,0,0,1
3,梅田芸術劇場メインホール,,,,0,1,8,19,1,14,36,14,36,0,0,0,1
3,梅田芸術劇場メインホール,,,,0,1,8,20,1,14,37,14,37,0,0,0,1
3,梅田芸術劇場メインホール,,,,0,1,8,21,1,14,38,14,38,0,0,0,1
3,梅田芸術劇場メインホール,,,,0,1,8,22,1,14,39,14,39,0,0,0,1
3,梅田芸術劇場メインホール,,,,0,1,8,23,1,14,40,14,40,0,0,0,1
3,梅田芸術劇場メインホール,,,,0,1,8,24,1,14,41,14,41,0,0,0,1
3,梅田芸術劇場メインホール,,,,0,1,8,25,1,14,42,14,42,0,0,0,1
3,梅田芸術劇場メインホール,,,,0,1,8,26,1,14,44,14,44,0,0,0,1
3,梅田芸術劇場メインホール,,,,0,1,8,27,1,14,45,14,45,0,0,0,1
3,梅田芸術劇場メインホール,,,,0,1,8,28,1,14,46,14,46,0,0,0,1
3,梅田芸術劇場メインホール,,,,0,1,8,29,1,14,47,14,47,0,0,0,1
3,梅田芸術劇場メインホール,,,,0,1,8,30,1,14,48,14,48,0,0,0,1
3,梅田芸術劇場メインホール,,,,0,1,8,31,1,14,49,14,49,0,0,0,1
3,梅田芸術劇場メインホール,,,,0,1,8,32,1,14,50,14,50,0,0,0,1
3,梅田芸術劇場メインホール,,,,0,1,8,33,1,14,51,14,51,0,0,0,1
3,梅田芸術劇場メインホール,,,,0,1,8,34,1,14,52,14,52,0,0,0,1
3,梅田芸術劇場メインホール,,,,0,1,8,35,1,14,53,14,53,0,0,0,1
3,梅田芸術劇場メインホール,,,,0,1,8,36,1,14,54,14,54,0,0,0,1
3,梅田芸術劇場メインホール,,,,0,1,8,37,1,14,55,14,55,0,0,0,1
3,梅田芸術劇場メインホール,,,,0,1,8,38,1,14,57,14,57,0,0,0,1
3,梅田芸術劇場メインホール,,,,0,1,8,39,1,14,58,14,58,0,0,0,1
3,梅田芸術劇場メインホール,,,,0,1,8,40,1,14,59,14,59,0,0,0,1
3,梅田芸術劇場メインホール,,,,0,1,8,41,1,14,60,14,60,0,0,0,1
3,梅田芸術劇場メインホール,,,,0,1,8,42,1,14,61,14,61,0,0,0,1
3,梅田芸術劇場メインホール,,,,0,1,8,43,1,14,62,14,62,0,0,0,1
3,梅田芸術劇場メインホール,,,,0,1,8,44,1,14,63,14,63,0,0,0,1
3,梅田芸術劇場メインホール,,,,0,1,8,45,1,14,64,14,64,0,0,0,1
3,梅田芸術劇場メインホール,,,,0,1,8,46,1,14,65,14,65,0,0,0,1
3,梅田芸術劇場メインホール,,,,0,1,8,47,1,14,66,14,66,0,0,0,1
3,梅田芸術劇場メインホール,,,,0,1,8,48,1,14,67,14,67,0,0,0,1
3,梅田芸術劇場メインホール,,,,0,1,8,49,1,14,68,14,68,0,0,0,1
3,梅田芸術劇場メインホール,,,,0,1,9,13,1,15,29,15,29,0,0,0,1
3,梅田芸術劇場メインホール,,,,0,1,9,14,1,15,31,15,31,0,0,0,1
3,梅田芸術劇場メインホール,,,,0,1,9,15,1,15,32,15,32,0,0,0,1
3,梅田芸術劇場メインホール,,,,0,1,9,16,1,15,33,15,33,0,0,0,1
3,梅田芸術劇場メインホール,,,,0,1,9,17,1,15,34,15,34,0,0,0,1
3,梅田芸術劇場メインホール,,,,0,1,9,18,1,15,35,15,35,0,0,0,1
3,梅田芸術劇場メインホール,,,,0,1,9,19,1,15,36,15,36,0,0,0,1
3,梅田芸術劇場メインホール,,,,0,1,9,20,1,15,37,15,37,0,0,0,1
3,梅田芸術劇場メインホール,,,,0,1,9,21,1,15,38,15,38,0,0,0,1
3,梅田芸術劇場メインホール,,,,0,1,9,22,1,15,39,15,39,0,0,0,1
3,梅田芸術劇場メインホール,,,,0,1,9,23,1,15,40,15,40,0,0,0,1
3,梅田芸術劇場メインホール,,,,0,1,9,24,1,15,41,15,41,0,0,0,1
3,梅田芸術劇場メインホール,,,,0,1,9,25,1,15,42,15,42,0,0,0,1
3,梅田芸術劇場メインホール,,,,0,1,9,26,1,15,44,15,44,0,0,0,1
3,梅田芸術劇場メインホール,,,,0,1,9,27,1,15,45,15,45,0,0,0,1
3,梅田芸術劇場メインホール,,,,0,1,9,28,1,15,46,15,46,0,0,0,1
3,梅田芸術劇場メインホール,,,,0,1,9,29,1,15,47,15,47,0,0,0,1
3,梅田芸術劇場メインホール,,,,0,1,9,30,1,15,48,15,48,0,0,0,1
3,梅田芸術劇場メインホール,,,,0,1,9,31,1,15,49,15,49,0,0,0,1
3,梅田芸術劇場メインホール,,,,0,1,9,32,1,15,50,15,50,0,0,0,1
3,梅田芸術劇場メインホール,,,,0,1,9,33,1,15,51,15,51,0,0,0,1
3,梅田芸術劇場メインホール,,,,0,1,9,34,1,15,52,15,52,0,0,0,1
3,梅田芸術劇場メインホール,,,,0,1,9,35,1,15,53,15,53,0,0,0,1
3,梅田芸術劇場メインホール,,,,0,1,9,36,1,15,54,15,54,0,0,0,1
3,梅田芸術劇場メインホール,,,,0,1,9,37,1,15,55,15,55,0,0,0,1
3,梅田芸術劇場メインホール,,,,0,1,9,38,1,15,57,15,57,0,0,0,1
3,梅田芸術劇場メインホール,,,,0,1,9,39,1,15,58,15,58,0,0,0,1
3,梅田芸術劇場メインホール,,,,0,1,9,40,1,15,59,15,59,0,0,0,1
3,梅田芸術劇場メインホール,,,,0,1,9,41,1,15,60,15,60,0,0,0,1
3,梅田芸術劇場メインホール,,,,0,1,9,42,1,15,61,15,61,0,0,0,1
3,梅田芸術劇場メインホール,,,,0,1,9,43,1,15,62,15,62,0,0,0,1
3,梅田芸術劇場メインホール,,,,0,1,9,44,1,15,63,15,63,0,0,0,1
3,梅田芸術劇場メインホール,,,,0,1,9,45,1,15,64,15,64,0,0,0,1
3,梅田芸術劇場メインホール,,,,0,1,9,46,1,15,65,15,65,0,0,0,1
3,梅田芸術劇場メインホール,,,,0,1,9,47,1,15,66,15,66,0,0,0,1
3,梅田芸術劇場メインホール,,,,0,1,9,48,1,15,67,15,67,0,0,0,1
3,梅田芸術劇場メインホール,,,,0,1,9,49,1,15,68,15,68,0,0,0,1
3,梅田芸術劇場メインホール,,,,0,1,9,50,1,15,70,15,70,0,0,0,1
3,梅田芸術劇場メインホール,,,,0,1,10,12,1,16,28,16,28,0,0,0,1
3,梅田芸術劇場メインホール,,,,0,1,10,13,1,16,29,16,29,0,0,0,1
3,梅田芸術劇場メインホール,,,,0,1,10,14,1,16,31,16,31,0,0,0,1
3,梅田芸術劇場メインホール,,,,0,1,10,15,1,16,32,16,32,0,0,0,1
3,梅田芸術劇場メインホール,,,,0,1,10,16,1,16,33,16,33,0,0,0,1
3,梅田芸術劇場メインホール,,,,0,1,10,17,1,16,34,16,34,0,0,0,1
3,梅田芸術劇場メインホール,,,,0,1,10,18,1,16,35,16,35,0,0,0,1
3,梅田芸術劇場メインホール,,,,0,1,10,19,1,16,36,16,36,0,0,0,1
3,梅田芸術劇場メインホール,,,,0,1,10,20,1,16,37,16,37,0,0,0,1
3,梅田芸術劇場メインホール,,,,0,1,10,21,1,16,38,16,38,0,0,0,1
3,梅田芸術劇場メインホール,,,,0,1,10,22,1,16,39,16,39,0,0,0,1
3,梅田芸術劇場メインホール,,,,0,1,10,23,1,16,40,16,40,0,0,0,1
3,梅田芸術劇場メインホール,,,,0,1,10,24,1,16,41,16,41,0,0,0,1
3,梅田芸術劇場メインホール,,,,0,1,10,25,1,16,42,16,42,0,0,0,1
3,梅田芸術劇場メインホール,,,,0,1,10,26,1,16,44,16,44,0,0,0,1
3,梅田芸術劇場メインホール,,,,0,1,10,27,1,16,45,16,45,0,0,0,1
3,梅田芸術劇場メインホール,,,,0,1,10,28,1,16,46,16,46,0,0,0,1
3,梅田芸術劇場メインホール,,,,0,1,10,29,1,16,47,16,47,0,0,0,1
3,梅田芸術劇場メインホール,,,,0,1,10,30,1,16,48,16,48,0,0,0,1
3,梅田芸術劇場メインホール,,,,0,1,10,31,1,16,49,16,49,0,0,0,1
3,梅田芸術劇場メインホール,,,,0,1,10,32,1,16,50,16,50,0,0,0,1
3,梅田芸術劇場メインホール,,,,0,1,10,33,1,16,51,16,51,0,0,0,1
3,梅田芸術劇場メインホール,,,,0,1,10,34,1,16,52,16,52,0,0,0,1
3,梅田芸術劇場メインホール,,,,0,1,10,35,1,16,53,16,53,0,0,0,1
3,梅田芸術劇場メインホール,,,,0,1,10,36,1,16,54,16,54,0,0,0,1
3,梅田芸術劇場メインホール,,,,0,1,10,37,1,16,55,16,55,0,0,0,1
3,梅田芸術劇場メインホール,,,,0,1,10,38,1,16,57,16,57,0,0,0,1
3,梅田芸術劇場メインホール,,,,0,1,10,39,1,16,58,16,58,0,0,0,1
3,梅田芸術劇場メインホール,,,,0,1,10,40,1,16,59,16,59,0,0,0,1
3,梅田芸術劇場メインホール,,,,0,1,10,41,1,16,60,16,60,0,0,0,1
3,梅田芸術劇場メインホール,,,,0,1,10,42,1,16,61,16,61,0,0,0,1
3,梅田芸術劇場メインホール,,,,0,1,10,43,1,16,62,16,62,0,0,0,1
3,梅田芸術劇場メインホール,,,,0,1,10,44,1,16,63,16,63,0,0,0,1
3,梅田芸術劇場メインホール,,,,0,1,10,45,1,16,64,16,64,0,0,0,1
3,梅田芸術劇場メインホール,,,,0,1,10,46,1,16,65,16,65,0,0,0,1
3,梅田芸術劇場メインホール,,,,0,1,10,47,1,16,66,16,66,0,0,0,1
3,梅田芸術劇場メインホール,,,,0,1,10,48,1,16,67,16,67,0,0,0,1
3,梅田芸術劇場メインホール,,,,0,1,10,49,1,16,68,16,68,0,0,0,1
3,梅田芸術劇場メインホール,,,,0,1,10,50,1,16,70,16,70,0,0,0,1
3,梅田芸術劇場メインホール,,,,0,1,10,51,1,16,71,16,71,0,0,0,1
3,梅田芸術劇場メインホール,,,,0,1,11,10,1,17,26,17,26,0,0,0,1
3,梅田芸術劇場メインホール,,,,0,1,11,11,1,17,27,17,27,0,0,0,1
3,梅田芸術劇場メインホール,,,,0,1,11,12,1,17,28,17,28,0,0,0,1
3,梅田芸術劇場メインホール,,,,0,1,11,13,1,17,29,17,29,0,0,0,1
3,梅田芸術劇場メインホール,,,,0,1,11,14,1,17,31,17,31,0,0,0,1
3,梅田芸術劇場メインホール,,,,0,1,11,15,1,17,32,17,32,0,0,0,1
3,梅田芸術劇場メインホール,,,,0,1,11,16,1,17,33,17,33,0,0,0,1
3,梅田芸術劇場メインホール,,,,0,1,11,17,1,17,34,17,34,0,0,0,1
3,梅田芸術劇場メインホール,,,,0,1,11,18,1,17,35,17,35,0,0,0,1
3,梅田芸術劇場メインホール,,,,0,1,11,19,1,17,36,17,36,0,0,0,1
3,梅田芸術劇場メインホール,,,,0,1,11,20,1,17,37,17,37,0,0,0,1
3,梅田芸術劇場メインホール,,,,0,1,11,21,1,17,38,17,38,0,0,0,1
3,梅田芸術劇場メインホール,,,,0,1,11,22,1,17,39,17,39,0,0,0,1
3,梅田芸術劇場メインホール,,,,0,1,11,23,1,17,40,17,40,0,0,0,1
3,梅田芸術劇場メインホール,,,,0,1,11,24,1,17,41,17,41,0,0,0,1
3,梅田芸術劇場メインホール,,,,0,1,11,25,1,17,42,17,42,0,0,0,1
3,梅田芸術劇場メインホール,,,,0,1,11,26,1,17,44,17,44,0,0,0,1
3,梅田芸術劇場メインホール,,,,0,1,11,27,1,17,45,17,45,0,0,0,1
3,梅田芸術劇場メインホール,,,,0,1,11,28,1,17,46,17,46,0,0,0,1
3,梅田芸術劇場メインホール,,,,0,1,11,29,1,17,47,17,47,0,0,0,1
3,梅田芸術劇場メインホール,,,,0,1,11,30,1,17,48,17,48,0,0,0,1
3,梅田芸術劇場メインホール,,,,0,1,11,31,1,17,49,17,49,0,0,0,1
3,梅田芸術劇場メインホール,,,,0,1,11,32,1,17,50,17,50,0,0,0,1
3,梅田芸術劇場メインホール,,,,0,1,11,33,1,17,51,17,51,0,0,0,1
3,梅田芸術劇場メインホール,,,,0,1,11,34,1,17,52,17,52,0,0,0,1
3,梅田芸術劇場メインホール,,,,0,1,11,35,1,17,53,17,53,0,0,0,1
3,梅田芸術劇場メインホール,,,,0,1,11,36,1,17,54,17,54,0,0,0,1
3,梅田芸術劇場メインホール,,,,0,1,11,37,1,17,55,17,55,0,0,0,1
3,梅田芸術劇場メインホール,,,,0,1,11,38,1,17,57,17,57,0,0,0,1
3,梅田芸術劇場メインホール,,,,0,1,11,39,1,17,58,17,58,0,0,0,1
3,梅田芸術劇場メインホール,,,,0,1,11,40,1,17,59,17,59,0,0,0,1
3,梅田芸術劇場メインホール,,,,0,1,11,41,1,17,60,17,60,0,0,0,1
3,梅田芸術劇場メインホール,,,,0,1,11,42,1,17,61,17,61,0,0,0,1
3,梅田芸術劇場メインホール,,,,0,1,11,43,1,17,62,17,62,0,0,0,1
3,梅田芸術劇場メインホール,,,,0,1,11,44,1,17,63,17,63,0,0,0,1
3,梅田芸術劇場メインホール,,,,0,1,11,45,1,17,64,17,64,0,0,0,1
3,梅田芸術劇場メインホール,,,,0,1,11,46,1,17,65,17,65,0,0,0,1
3,梅田芸術劇場メインホール,,,,0,1,11,47,1,17,66,17,66,0,0,0,1
3,梅田芸術劇場メインホール,,,,0,1,11,48,1,17,67,17,67,0,0,0,1
3,梅田芸術劇場メインホール,,,,0,1,11,49,1,17,68,17,68,0,0,0,1
3,梅田芸術劇場メインホール,,,,0,1,11,50,1,17,70,17,70,0,0,0,1
3,梅田芸術劇場メインホール,,,,0,1,11,51,1,17,71,17,71,0,0,0,1
3,梅田芸術劇場メインホール,,,,0,1,11,52,1,17,72,17,72,0,0,0,1
3,梅田芸術劇場メインホール,,,,0,1,11,53,1,17,73,17,73,0,0,0,1
3,梅田芸術劇場メインホール,,,,0,1,12,9,1,18,25,18,25,0,0,0,1
3,梅田芸術劇場メインホール,,,,0,1,12,10,1,18,26,18,26,0,0,0,1
3,梅田芸術劇場メインホール,,,,0,1,12,11,1,18,27,18,27,0,0,0,1
3,梅田芸術劇場メインホール,,,,0,1,12,12,1,18,28,18,28,0,0,0,1
3,梅田芸術劇場メインホール,,,,0,1,12,13,1,18,29,18,29,0,0,0,1
3,梅田芸術劇場メインホール,,,,0,1,12,14,1,18,31,18,31,0,0,0,1
3,梅田芸術劇場メインホール,,,,0,1,12,15,1,18,32,18,32,0,0,0,1
3,梅田芸術劇場メインホール,,,,0,1,12,16,1,18,33,18,33,0,0,0,1
3,梅田芸術劇場メインホール,,,,0,1,12,17,1,18,34,18,34,0,0,0,1
3,梅田芸術劇場メインホール,,,,0,1,12,18,1,18,35,18,35,0,0,0,1
3,梅田芸術劇場メインホール,,,,0,1,12,19,1,18,36,18,36,0,0,0,1
3,梅田芸術劇場メインホール,,,,0,1,12,20,1,18,37,18,37,0,0,0,1
3,梅田芸術劇場メインホール,,,,0,1,12,21,1,18,38,18,38,0,0,0,1
3,梅田芸術劇場メインホール,,,,0,1,12,22,1,18,39,18,39,0,0,0,1
3,梅田芸術劇場メインホール,,,,0,1,12,23,1,18,40,18,40,0,0,0,1
3,梅田芸術劇場メインホール,,,,0,1,12,24,1,18,41,18,41,0,0,0,1
3,梅田芸術劇場メインホール,,,,0,1,12,25,1,18,42,18,42,0,0,0,1
3,梅田芸術劇場メインホール,,,,0,1,12,26,1,18,44,18,44,0,0,0,1
3,梅田芸術劇場メインホール,,,,0,1,12,27,1,18,45,18,45,0,0,0,1
3,梅田芸術劇場メインホール,,,,0,1,12,28,1,18,46,18,46,0,0,0,1
3,梅田芸術劇場メインホール,,,,0,1,12,29,1,18,47,18,47,0,0,0,1
3,梅田芸術劇場メインホール,,,,0,1,12,30,1,18,48,18,48,0,0,0,1
3,梅田芸術劇場メインホール,,,,0,1,12,31,1,18,49,18,49,0,0,0,1
3,梅田芸術劇場メインホール,,,,0,1,12,32,1,18,50,18,50,0,0,0,1
3,梅田芸術劇場メインホール,,,,0,1,12,33,1,18,51,18,51,0,0,0,1
3,梅田芸術劇場メインホール,,,,0,1,12,34,1,18,52,18,52,0,0,0,1
3,梅田芸術劇場メインホール,,,,0,1,12,35,1,18,53,18,53,0,0,0,1
3,梅田芸術劇場メインホール,,,,0,1,12,36,1,18,54,18,54,0,0,0,1
3,梅田芸術劇場メインホール,,,,0,1,12,37,1,18,55,18,55,0,0,0,1
3,梅田芸術劇場メインホール,,,,0,1,12,38,1,18,57,18,57,0,0,0,1
3,梅田芸術劇場メインホール,,,,0,1,12,39,1,18,58,18,58,0,0,0,1
3,梅田芸術劇場メインホール,,,,0,1,12,40,1,18,59,18,59,0,0,0,1
3,梅田芸術劇場メインホール,,,,0,1,12,41,1,18,60,18,60,0,0,0,1
3,梅田芸術劇場メインホール,,,,0,1,12,42,1,18,61,18,61,0,0,0,1
3,梅田芸術劇場メインホール,,,,0,1,12,43,1,18,62,18,62,0,0,0,1
3,梅田芸術劇場メインホール,,,,0,1,12,44,1,18,63,18,63,0,0,0,1
3,梅田芸術劇場メインホール,,,,0,1,12,45,1,18,64,18,64,0,0,0,1
3,梅田芸術劇場メインホール,,,,0,1,12,46,1,18,65,18,65,0,0,0,1
3,梅田芸術劇場メインホール,,,,0,1,12,47,1,18,66,18,66,0,0,0,1
3,梅田芸術劇場メインホール,,,,0,1,12,48,1,18,67,18,67,0,0,0,1
3,梅田芸術劇場メインホール,,,,0,1,12,49,1,18,68,18,68,0,0,0,1
3,梅田芸術劇場メインホール,,,,0,1,12,50,1,18,70,18,70,0,0,0,1
3,梅田芸術劇場メインホール,,,,0,1,12,51,1,18,71,18,71,0,0,0,1
3,梅田芸術劇場メインホール,,,,0,1,12,52,1,18,72,18,72,0,0,0,1
3,梅田芸術劇場メインホール,,,,0,1,12,53,1,18,73,18,73,0,0,0,1
3,梅田芸術劇場メインホール,,,,0,1,12,54,1,18,74,18,74,0,0,0,1
3,梅田芸術劇場メインホール,,,,0,1,13,9,1,19,25,19,25,0,0,0,1
3,梅田芸術劇場メインホール,,,,0,1,13,10,1,19,26,19,26,0,0,0,1
3,梅田芸術劇場メインホール,,,,0,1,13,11,1,19,27,19,27,0,0,0,1
3,梅田芸術劇場メインホール,,,,0,1,13,12,1,19,28,19,28,0,0,0,1
3,梅田芸術劇場メインホール,,,,0,1,13,13,1,19,29,19,29,0,0,0,1
3,梅田芸術劇場メインホール,,,,0,1,13,14,1,19,31,19,31,0,0,0,1
3,梅田芸術劇場メインホール,,,,0,1,13,15,1,19,32,19,32,0,0,0,1
3,梅田芸術劇場メインホール,,,,0,1,13,16,1,19,33,19,33,0,0,0,1
3,梅田芸術劇場メインホール,,,,0,1,13,17,1,19,34,19,34,0,0,0,1
3,梅田芸術劇場メインホール,,,,0,1,13,18,1,19,35,19,35,0,0,0,1
3,梅田芸術劇場メインホール,,,,0,1,13,19,1,19,36,19,36,0,0,0,1
3,梅田芸術劇場メインホール,,,,0,1,13,20,1,19,37,19,37,0,0,0,1
3,梅田芸術劇場メインホール,,,,0,1,13,21,1,19,38,19,38,0,0,0,1
3,梅田芸術劇場メインホール,,,,0,1,13,22,1,19,39,19,39,0,0,0,1
3,梅田芸術劇場メインホール,,,,0,1,13,23,1,19,40,19,40,0,0,0,1
3,梅田芸術劇場メインホール,,,,0,1,13,24,1,19,41,19,41,0,0,0,1
3,梅田芸術劇場メインホール,,,,0,1,13,25,1,19,42,19,42,0,0,0,1
3,梅田芸術劇場メインホール,,,,0,1,13,26,1,19,44,19,44,0,0,0,1
3,梅田芸術劇場メインホール,,,,0,1,13,27,1,19,45,19,45,0,0,0,1
3,梅田芸術劇場メインホール,,,,0,1,13,28,1,19,46,19,46,0,0,0,1
3,梅田芸術劇場メインホール,,,,0,1,13,29,1,19,47,19,47,0,0,0,1
3,梅田芸術劇場メインホール,,,,0,1,13,30,1,19,48,19,48,0,0,0,1
3,梅田芸術劇場メインホール,,,,0,1,13,31,1,19,49,19,49,0,0,0,1
3,梅田芸術劇場メインホール,,,,0,1,13,32,1,19,50,19,50,0,0,0,1
3,梅田芸術劇場メインホール,,,,0,1,13,33,1,19,51,19,51,0,0,0,1
3,梅田芸術劇場メインホール,,,,0,1,13,34,1,19,52,19,52,0,0,0,1
3,梅田芸術劇場メインホール,,,,0,1,13,35,1,19,53,19,53,0,0,0,1
3,梅田芸術劇場メインホール,,,,0,1,13,36,1,19,54,19,54,0,0,0,1
3,梅田芸術劇場メインホール,,,,0,1,13,37,1,19,55,19,55,0,0,0,1
3,梅田芸術劇場メインホール,,,,0,1,13,38,1,19,57,19,57,0,0,0,1
3,梅田芸術劇場メインホール,,,,0,1,13,39,1,19,58,19,58,0,0,0,1
3,梅田芸術劇場メインホール,,,,0,1,13,40,1,19,59,19,59,0,0,0,1
3,梅田芸術劇場メインホール,,,,0,1,13,41,1,19,60,19,60,0,0,0,1
3,梅田芸術劇場メインホール,,,,0,1,13,42,1,19,61,19,61,0,0,0,1
3,梅田芸術劇場メインホール,,,,0,1,13,43,1,19,62,19,62,0,0,0,1
3,梅田芸術劇場メインホール,,,,0,1,13,44,1,19,63,19,63,0,0,0,1
3,梅田芸術劇場メインホール,,,,0,1,13,45,1,19,64,19,64,0,0,0,1
3,梅田芸術劇場メインホール,,,,0,1,13,46,1,19,65,19,65,0,0,0,1
3,梅田芸術劇場メインホール,,,,0,1,13,47,1,19,66,19,66,0,0,0,1
3,梅田芸術劇場メインホール,,,,0,1,13,48,1,19,67,19,67,0,0,0,1
3,梅田芸術劇場メインホール,,,,0,1,13,49,1,19,68,19,68,0,0,0,1
3,梅田芸術劇場メインホール,,,,0,1,13,50,1,19,70,19,70,0,0,0,1
3,梅田芸術劇場メインホール,,,,0,1,13,51,1,19,71,19,71,0,0,0,1
3,梅田芸術劇場メインホール,,,,0,1,13,52,1,19,72,19,72,0,0,0,1
3,梅田芸術劇場メインホール,,,,0,1,13,53,1,19,73,19,73,0,0,0,1
3,梅田芸術劇場メインホール,,,,0,1,13,54,1,19,74,19,74,0,0,0,1
3,梅田芸術劇場メインホール,,,,0,1,14,8,1,21,24,21,24,0,0,0,1
3,梅田芸術劇場メインホール,,,,0,1,14,9,1,21,25,21,25,0,0,0,1
3,梅田芸術劇場メインホール,,,,0,1,14,10,1,21,26,21,26,0,0,0,1
3,梅田芸術劇場メインホール,,,,0,1,14,11,1,21,27,21,27,0,0,0,1
3,梅田芸術劇場メインホール,,,,0,1,14,12,1,21,28,21,28,0,0,0,1
3,梅田芸術劇場メインホール,,,,0,1,14,13,1,21,29,21,29,0,0,0,1
3,梅田芸術劇場メインホール,,,,0,1,14,14,1,21,31,21,31,0,0,0,1
3,梅田芸術劇場メインホール,,,,0,1,14,15,1,21,32,21,32,0,0,0,1
3,梅田芸術劇場メインホール,,,,0,1,14,16,1,21,33,21,33,0,0,0,1
3,梅田芸術劇場メインホール,,,,0,1,14,17,1,21,34,21,34,0,0,0,1
3,梅田芸術劇場メインホール,,,,0,1,14,18,1,21,35,21,35,0,0,0,1
3,梅田芸術劇場メインホール,,,,0,1,14,19,1,21,36,21,36,0,0,0,1
3,梅田芸術劇場メインホール,,,,0,1,14,20,1,21,37,21,37,0,0,0,1
3,梅田芸術劇場メインホール,,,,0,1,14,21,1,21,38,21,38,0,0,0,1
3,梅田芸術劇場メインホール,,,,0,1,14,22,1,21,39,21,39,0,0,0,1
3,梅田芸術劇場メインホール,,,,0,1,14,23,1,21,40,21,40,0,0,0,1
3,梅田芸術劇場メインホール,,,,0,1,14,24,1,21,41,21,41,0,0,0,1
3,梅田芸術劇場メインホール,,,,0,1,14,25,1,21,42,21,42,0,0,0,1
3,梅田芸術劇場メインホール,,,,0,1,14,26,1,21,44,21,44,0,0,0,1
3,梅田芸術劇場メインホール,,,,0,1,14,27,1,21,45,21,45,0,0,0,1
3,梅田芸術劇場メインホール,,,,0,1,14,28,1,21,46,21,46,0,0,0,1
3,梅田芸術劇場メインホール,,,,0,1,14,29,1,21,47,21,47,0,0,0,1
3,梅田芸術劇場メインホール,,,,0,1,14,30,1,21,48,21,48,0,0,0,1
3,梅田芸術劇場メインホール,,,,0,1,14,31,1,21,49,21,49,0,0,0,1
3,梅田芸術劇場メインホール,,,,0,1,14,32,1,21,50,21,50,0,0,0,1
3,梅田芸術劇場メインホール,,,,0,1,14,33,1,21,51,21,51,0,0,0,1
3,梅田芸術劇場メインホール,,,,0,1,14,34,1,21,52,21,52,0,0,0,1
3,梅田芸術劇場メインホール,,,,0,1,14,35,1,21,53,21,53,0,0,0,1
3,梅田芸術劇場メインホール,,,,0,1,14,36,1,21,54,21,54,0,0,0,1
3,梅田芸術劇場メインホール,,,,0,1,14,37,1,21,55,21,55,0,0,0,1
3,梅田芸術劇場メインホール,,,,0,1,14,38,1,21,57,21,57,0,0,0,1
3,梅田芸術劇場メインホール,,,,0,1,14,39,1,21,58,21,58,0,0,0,1
3,梅田芸術劇場メインホール,,,,0,1,14,40,1,21,59,21,59,0,0,0,1
3,梅田芸術劇場メインホール,,,,0,1,14,41,1,21,60,21,60,0,0,0,1
3,梅田芸術劇場メインホール,,,,0,1,14,42,1,21,61,21,61,0,0,0,1
3,梅田芸術劇場メインホール,,,,0,1,14,43,1,21,62,21,62,0,0,0,1
3,梅田芸術劇場メインホール,,,,0,1,14,44,1,21,63,21,63,0,0,0,1
3,梅田芸術劇場メインホール,,,,0,1,14,45,1,21,64,21,64,0,0,0,1
3,梅田芸術劇場メインホール,,,,0,1,14,46,1,21,65,21,65,0,0,0,1
3,梅田芸術劇場メインホール,,,,0,1,14,47,1,21,66,21,66,0,0,0,1
3,梅田芸術劇場メインホール,,,,0,1,14,48,1,21,67,21,67,0,0,0,1
3,梅田芸術劇場メインホール,,,,0,1,14,49,1,21,68,21,68,0,0,0,1
3,梅田芸術劇場メインホール,,,,0,1,14,50,1,21,70,21,70,0,0,0,1
3,梅田芸術劇場メインホール,,,,0,1,14,51,1,21,71,21,71,0,0,0,1
3,梅田芸術劇場メインホール,,,,0,1,14,52,1,21,72,21,72,0,0,0,1
3,梅田芸術劇場メインホール,,,,0,1,14,53,1,21,73,21,73,0,0,0,1
3,梅田芸術劇場メインホール,,,,0,1,14,54,1,21,74,21,74,0,0,0,1
3,梅田芸術劇場メインホール,,,,0,1,14,55,1,21,75,21,75,0,0,0,1
3,梅田芸術劇場メインホール,,,,0,1,15,8,1,22,24,22,24,0,0,0,1
3,梅田芸術劇場メインホール,,,,0,1,15,9,1,22,25,22,25,0,0,0,1
3,梅田芸術劇場メインホール,,,,0,1,15,10,1,22,26,22,26,0,0,0,1
3,梅田芸術劇場メインホール,,,,0,1,15,11,1,22,27,22,27,0,0,0,1
3,梅田芸術劇場メインホール,,,,0,1,15,12,1,22,28,22,28,0,0,0,1
3,梅田芸術劇場メインホール,,,,0,1,15,13,1,22,29,22,29,0,0,0,1
3,梅田芸術劇場メインホール,,,,0,1,15,14,1,22,31,22,31,0,0,0,1
3,梅田芸術劇場メインホール,,,,0,1,15,15,1,22,32,22,32,0,0,0,1
3,梅田芸術劇場メインホール,,,,0,1,15,16,1,22,33,22,33,0,0,0,1
3,梅田芸術劇場メインホール,,,,0,1,15,17,1,22,34,22,34,0,0,0,1
3,梅田芸術劇場メインホール,,,,0,1,15,18,1,22,35,22,35,0,0,0,1
3,梅田芸術劇場メインホール,,,,0,1,15,19,1,22,36,22,36,0,0,0,1
3,梅田芸術劇場メインホール,,,,0,1,15,20,1,22,37,22,37,0,0,0,1
3,梅田芸術劇場メインホール,,,,0,1,15,21,1,22,38,22,38,0,0,0,1
3,梅田芸術劇場メインホール,,,,0,1,15,22,1,22,39,22,39,0,0,0,1
3,梅田芸術劇場メインホール,,,,0,1,15,23,1,22,40,22,40,0,0,0,1
3,梅田芸術劇場メインホール,,,,0,1,15,24,1,22,41,22,41,0,0,0,1
3,梅田芸術劇場メインホール,,,,0,1,15,25,1,22,42,22,42,0,0,0,1
3,梅田芸術劇場メインホール,,,,0,1,15,26,1,22,44,22,44,0,0,0,1
3,梅田芸術劇場メインホール,,,,0,1,15,27,1,22,45,22,45,0,0,0,1
3,梅田芸術劇場メインホール,,,,0,1,15,28,1,22,46,22,46,0,0,0,1
3,梅田芸術劇場メインホール,,,,0,1,15,29,1,22,47,22,47,0,0,0,1
3,梅田芸術劇場メインホール,,,,0,1,15,30,1,22,48,22,48,0,0,0,1
3,梅田芸術劇場メインホール,,,,0,1,15,31,1,22,49,22,49,0,0,0,1
3,梅田芸術劇場メインホール,,,,0,1,15,32,1,22,50,22,50,0,0,0,1
3,梅田芸術劇場メインホール,,,,0,1,15,33,1,22,51,22,51,0,0,0,1
3,梅田芸術劇場メインホール,,,,0,1,15,34,1,22,52,22,52,0,0,0,1
3,梅田芸術劇場メインホール,,,,0,1,15,35,1,22,53,22,53,0,0,0,1
3,梅田芸術劇場メインホール,,,,0,1,15,36,1,22,54,22,54,0,0,0,1
3,梅田芸術劇場メインホール,,,,0,1,15,37,1,22,55,22,55,0,0,0,1
3,梅田芸術劇場メインホール,,,,0,1,15,38,1,22,57,22,57,0,0,0,1
3,梅田芸術劇場メインホール,,,,0,1,15,39,1,22,58,22,58,0,0,0,1
3,梅田芸術劇場メインホール,,,,0,1,15,40,1,22,59,22,59,0,0,0,1
3,梅田芸術劇場メインホール,,,,0,1,15,41,1,22,60,22,60,0,0,0,1
3,梅田芸術劇場メインホール,,,,0,1,15,42,1,22,61,22,61,0,0,0,1
3,梅田芸術劇場メインホール,,,,0,1,15,43,1,22,62,22,62,0,0,0,1
3,梅田芸術劇場メインホール,,,,0,1,15,44,1,22,63,22,63,0,0,0,1
3,梅田芸術劇場メインホール,,,,0,1,15,45,1,22,64,22,64,0,0,0,1
3,梅田芸術劇場メインホール,,,,0,1,15,46,1,22,65,22,65,0,0,0,1
3,梅田芸術劇場メインホール,,,,0,1,15,47,1,22,66,22,66,0,0,0,1
3,梅田芸術劇場メインホール,,,,0,1,15,48,1,22,67,22,67,0,0,0,1
3,梅田芸術劇場メインホール,,,,0,1,15,49,1,22,68,22,68,0,0,0,1
3,梅田芸術劇場メインホール,,,,0,1,15,50,1,22,70,22,70,0,0,0,1
3,梅田芸術劇場メインホール,,,,0,1,15,51,1,22,71,22,71,0,0,0,1
3,梅田芸術劇場メインホール,,,,0,1,15,52,1,22,72,22,72,0,0,0,1
3,梅田芸術劇場メインホール,,,,0,1,15,53,1,22,73,22,73,0,0,0,1
3,梅田芸術劇場メインホール,,,,0,1,15,54,1,22,74,22,74,0,0,0,1
3,梅田芸術劇場メインホール,,,,0,1,15,55,1,22,75,22,75,0,0,0,1
3,梅田芸術劇場メインホール,,,,0,1,16,8,1,23,24,23,24,0,0,0,1
3,梅田芸術劇場メインホール,,,,0,1,16,9,1,23,25,23,25,0,0,0,1
3,梅田芸術劇場メインホール,,,,0,1,16,10,1,23,26,23,26,0,0,0,1
3,梅田芸術劇場メインホール,,,,0,1,16,11,1,23,27,23,27,0,0,0,1
3,梅田芸術劇場メインホール,,,,0,1,16,12,1,23,28,23,28,0,0,0,1
3,梅田芸術劇場メインホール,,,,0,1,16,13,1,23,29,23,29,0,0,0,1
3,梅田芸術劇場メインホール,,,,0,1,16,14,1,23,31,23,31,0,0,0,1
3,梅田芸術劇場メインホール,,,,0,1,16,15,1,23,32,23,32,0,0,0,1
3,梅田芸術劇場メインホール,,,,0,1,16,16,1,23,33,23,33,0,0,0,1
3,梅田芸術劇場メインホール,,,,0,1,16,17,1,23,34,23,34,0,0,0,1
3,梅田芸術劇場メインホール,,,,0,1,16,18,1,23,35,23,35,0,0,0,1
3,梅田芸術劇場メインホール,,,,0,1,16,19,1,23,36,23,36,0,0,0,1
3,梅田芸術劇場メインホール,,,,0,1,16,20,1,23,37,23,37,0,0,0,1
3,梅田芸術劇場メインホール,,,,0,1,16,21,1,23,38,23,38,0,0,0,1
3,梅田芸術劇場メインホール,,,,0,1,16,22,1,23,39,23,39,0,0,0,1
3,梅田芸術劇場メインホール,,,,0,1,16,23,1,23,40,23,40,0,0,0,1
3,梅田芸術劇場メインホール,,,,0,1,16,24,1,23,41,23,41,0,0,0,1
3,梅田芸術劇場メインホール,,,,0,1,16,25,1,23,42,23,42,0,0,0,1
3,梅田芸術劇場メインホール,,,,0,1,16,26,1,23,44,23,44,0,0,0,1
3,梅田芸術劇場メインホール,,,,0,1,16,27,1,23,45,23,45,0,0,0,1
3,梅田芸術劇場メインホール,,,,0,1,16,28,1,23,46,23,46,0,0,0,1
3,梅田芸術劇場メインホール,,,,0,1,16,29,1,23,47,23,47,0,0,0,1
3,梅田芸術劇場メインホール,,,,0,1,16,30,1,23,48,23,48,0,0,0,1
3,梅田芸術劇場メインホール,,,,0,1,16,31,1,23,49,23,49,0,0,0,1
3,梅田芸術劇場メインホール,,,,0,1,16,32,1,23,50,23,50,0,0,0,1
3,梅田芸術劇場メインホール,,,,0,1,16,33,1,23,51,23,51,0,0,0,1
3,梅田芸術劇場メインホール,,,,0,1,16,34,1,23,52,23,52,0,0,0,1
3,梅田芸術劇場メインホール,,,,0,1,16,35,1,23,53,23,53,0,0,0,1
3,梅田芸術劇場メインホール,,,,0,1,16,36,1,23,54,23,54,0,0,0,1
3,梅田芸術劇場メインホール,,,,0,1,16,37,1,23,55,23,55,0,0,0,1
3,梅田芸術劇場メインホール,,,,0,1,16,38,1,23,57,23,57,0,0,0,1
3,梅田芸術劇場メインホール,,,,0,1,16,39,1,23,58,23,58,0,0,0,1
3,梅田芸術劇場メインホール,,,,0,1,16,40,1,23,59,23,59,0,0,0,1
3,梅田芸術劇場メインホール,,,,0,1,16,41,1,23,60,23,60,0,0,0,1
3,梅田芸術劇場メインホール,,,,0,1,16,42,1,23,61,23,61,0,0,0,1
3,梅田芸術劇場メインホール,,,,0,1,16,43,1,23,62,23,62,0,0,0,1
3,梅田芸術劇場メインホール,,,,0,1,16,44,1,23,63,23,63,0,0,0,1
3,梅田芸術劇場メインホール,,,,0,1,16,45,1,23,64,23,64,0,0,0,1
3,梅田芸術劇場メインホール,,,,0,1,16,46,1,23,65,23,65,0,0,0,1
3,梅田芸術劇場メインホール,,,,0,1,16,47,1,23,66,23,66,0,0,0,1
3,梅田芸術劇場メインホール,,,,0,1,16,48,1,23,67,23,67,0,0,0,1
3,梅田芸術劇場メインホール,,,,0,1,16,49,1,23,68,23,68,0,0,0,1
3,梅田芸術劇場メインホール,,,,0,1,16,50,1,23,70,23,70,0,0,0,1
3,梅田芸術劇場メインホール,,,,0,1,16,51,1,23,71,23,71,0,0,0,1
3,梅田芸術劇場メインホール,,,,0,1,16,52,1,23,72,23,72,0,0,0,1
3,梅田芸術劇場メインホール,,,,0,1,16,53,1,23,73,23,73,0,0,0,1
3,梅田芸術劇場メインホール,,,,0,1,16,54,1,23,74,23,74,0,0,0,1
3,梅田芸術劇場メインホール,,,,0,1,16,55,1,23,75,23,75,0,0,0,1
3,梅田芸術劇場メインホール,,,,0,1,17,8,1,24,24,24,24,0,0,0,1
3,梅田芸術劇場メインホール,,,,0,1,17,9,1,24,25,24,25,0,0,0,1
3,梅田芸術劇場メインホール,,,,0,1,17,10,1,24,26,24,26,0,0,0,1
3,梅田芸術劇場メインホール,,,,0,1,17,11,1,24,27,24,27,0,0,0,1
3,梅田芸術劇場メインホール,,,,0,1,17,12,1,24,28,24,28,0,0,0,1
3,梅田芸術劇場メインホール,,,,0,1,17,13,1,24,29,24,29,0,0,0,1
3,梅田芸術劇場メインホール,,,,0,1,17,14,1,24,31,24,31,0,0,0,1
3,梅田芸術劇場メインホール,,,,0,1,17,15,1,24,32,24,32,0,0,0,1
3,梅田芸術劇場メインホール,,,,0,1,17,16,1,24,33,24,33,0,0,0,1
3,梅田芸術劇場メインホール,,,,0,1,17,17,1,24,34,24,34,0,0,0,1
3,梅田芸術劇場メインホール,,,,0,1,17,18,1,24,35,24,35,0,0,0,1
3,梅田芸術劇場メインホール,,,,0,1,17,19,1,24,36,24,36,0,0,0,1
3,梅田芸術劇場メインホール,,,,0,1,17,20,1,24,37,24,37,0,0,0,1
3,梅田芸術劇場メインホール,,,,0,1,17,21,1,24,38,24,38,0,0,0,1
3,梅田芸術劇場メインホール,,,,0,1,17,22,1,24,39,24,39,0,0,0,1
3,梅田芸術劇場メインホール,,,,0,1,17,23,1,24,40,24,40,0,0,0,1
3,梅田芸術劇場メインホール,,,,0,1,17,24,1,24,41,24,41,0,0,0,1
3,梅田芸術劇場メインホール,,,,0,1,17,25,1,24,42,24,42,0,0,0,1
3,梅田芸術劇場メインホール,,,,0,1,17,26,1,24,44,24,44,0,0,0,1
3,梅田芸術劇場メインホール,,,,0,1,17,27,1,24,45,24,45,0,0,0,1
3,梅田芸術劇場メインホール,,,,0,1,17,28,1,24,46,24,46,0,0,0,1
3,梅田芸術劇場メインホール,,,,0,1,17,29,1,24,47,24,47,0,0,0,1
3,梅田芸術劇場メインホール,,,,0,1,17,30,1,24,48,24,48,0,0,0,1
3,梅田芸術劇場メインホール,,,,0,1,17,31,1,24,49,24,49,0,0,0,1
3,梅田芸術劇場メインホール,,,,0,1,17,32,1,24,50,24,50,0,0,0,1
3,梅田芸術劇場メインホール,,,,0,1,17,33,1,24,51,24,51,0,0,0,1
3,梅田芸術劇場メインホール,,,,0,1,17,34,1,24,52,24,52,0,0,0,1
3,梅田芸術劇場メインホール,,,,0,1,17,35,1,24,53,24,53,0,0,0,1
3,梅田芸術劇場メインホール,,,,0,1,17,36,1,24,54,24,54,0,0,0,1
3,梅田芸術劇場メインホール,,,,0,1,17,37,1,24,55,24,55,0,0,0,1
3,梅田芸術劇場メインホール,,,,0,1,17,38,1,24,57,24,57,0,0,0,1
3,梅田芸術劇場メインホール,,,,0,1,17,39,1,24,58,24,58,0,0,0,1
3,梅田芸術劇場メインホール,,,,0,1,17,40,1,24,59,24,59,0,0,0,1
3,梅田芸術劇場メインホール,,,,0,1,17,41,1,24,60,24,60,0,0,0,1
3,梅田芸術劇場メインホール,,,,0,1,17,42,1,24,61,24,61,0,0,0,1
3,梅田芸術劇場メインホール,,,,0,1,17,43,1,24,62,24,62,0,0,0,1
3,梅田芸術劇場メインホール,,,,0,1,17,44,1,24,63,24,63,0,0,0,1
3,梅田芸術劇場メインホール,,,,0,1,17,45,1,24,64,24,64,0,0,0,1
3,梅田芸術劇場メインホール,,,,0,1,17,46,1,24,65,24,65,0,0,0,1
3,梅田芸術劇場メインホール,,,,0,1,17,47,1,24,66,24,66,0,0,0,1
3,梅田芸術劇場メインホール,,,,0,1,17,48,1,24,67,24,67,0,0,0,1
3,梅田芸術劇場メインホール,,,,0,1,17,49,1,24,68,24,68,0,0,0,1
3,梅田芸術劇場メインホール,,,,0,1,17,50,1,24,70,24,70,0,0,0,1
3,梅田芸術劇場メインホール,,,,0,1,17,51,1,24,71,24,71,0,0,0,1
3,梅田芸術劇場メインホール,,,,0,1,17,52,1,24,72,24,72,0,0,0,1
3,梅田芸術劇場メインホール,,,,0,1,17,53,1,24,73,24,73,0,0,0,1
3,梅田芸術劇場メインホール,,,,0,1,17,54,1,24,74,24,74,0,0,0,1
3,梅田芸術劇場メインホール,,,,0,1,17,55,1,24,75,24,75,0,0,0,1
3,梅田芸術劇場メインホール,,,,0,1,18,7,1,25,23,25,23,0,0,0,1
3,梅田芸術劇場メインホール,,,,0,1,18,8,1,25,24,25,24,0,0,0,1
3,梅田芸術劇場メインホール,,,,0,1,18,9,1,25,25,25,25,0,0,0,1
3,梅田芸術劇場メインホール,,,,0,1,18,10,1,25,26,25,26,0,0,0,1
3,梅田芸術劇場メインホール,,,,0,1,18,11,1,25,27,25,27,0,0,0,1
3,梅田芸術劇場メインホール,,,,0,1,18,12,1,25,28,25,28,0,0,0,1
3,梅田芸術劇場メインホール,,,,0,1,18,13,1,25,29,25,29,0,0,0,1
3,梅田芸術劇場メインホール,,,,0,1,18,14,1,25,31,25,31,0,0,0,1
3,梅田芸術劇場メインホール,,,,0,1,18,15,1,25,32,25,32,0,0,0,1
3,梅田芸術劇場メインホール,,,,0,1,18,16,1,25,33,25,33,0,0,0,1
3,梅田芸術劇場メインホール,,,,0,1,18,17,1,25,34,25,34,0,0,0,1
3,梅田芸術劇場メインホール,,,,0,1,18,18,1,25,35,25,35,0,0,0,1
3,梅田芸術劇場メインホール,,,,0,1,18,19,1,25,36,25,36,0,0,0,1
3,梅田芸術劇場メインホール,,,,0,1,18,20,1,25,37,25,37,0,0,0,1
3,梅田芸術劇場メインホール,,,,0,1,18,21,1,25,38,25,38,0,0,0,1
3,梅田芸術劇場メインホール,,,,0,1,18,22,1,25,39,25,39,0,0,0,1
3,梅田芸術劇場メインホール,,,,0,1,18,23,1,25,40,25,40,0,0,0,1
3,梅田芸術劇場メインホール,,,,0,1,18,24,1,25,41,25,41,0,0,0,1
3,梅田芸術劇場メインホール,,,,0,1,18,25,1,25,42,25,42,0,0,0,1
3,梅田芸術劇場メインホール,,,,0,1,18,26,1,25,44,25,44,0,0,0,1
3,梅田芸術劇場メインホール,,,,0,1,18,27,1,25,45,25,45,0,0,0,1
3,梅田芸術劇場メインホール,,,,0,1,18,28,1,25,46,25,46,0,0,0,1
3,梅田芸術劇場メインホール,,,,0,1,18,29,1,25,47,25,47,0,0,0,1
3,梅田芸術劇場メインホール,,,,0,1,18,30,1,25,48,25,48,0,0,0,1
3,梅田芸術劇場メインホール,,,,0,1,18,31,1,25,49,25,49,0,0,0,1
3,梅田芸術劇場メインホール,,,,0,1,18,32,1,25,50,25,50,0,0,0,1
3,梅田芸術劇場メインホール,,,,0,1,18,33,1,25,51,25,51,0,0,0,1
3,梅田芸術劇場メインホール,,,,0,1,18,34,1,25,52,25,52,0,0,0,1
3,梅田芸術劇場メインホール,,,,0,1,18,35,1,25,53,25,53,0,0,0,1
3,梅田芸術劇場メインホール,,,,0,1,18,36,1,25,54,25,54,0,0,0,1
3,梅田芸術劇場メインホール,,,,0,1,18,37,1,25,55,25,55,0,0,0,1
3,梅田芸術劇場メインホール,,,,0,1,18,38,1,25,57,25,57,0,0,0,1
3,梅田芸術劇場メインホール,,,,0,1,18,39,1,25,58,25,58,0,0,0,1
3,梅田芸術劇場メインホール,,,,0,1,18,40,1,25,59,25,59,0,0,0,1
3,梅田芸術劇場メインホール,,,,0,1,18,41,1,25,60,25,60,0,0,0,1
3,梅田芸術劇場メインホール,,,,0,1,18,42,1,25,61,25,61,0,0,0,1
3,梅田芸術劇場メインホール,,,,0,1,18,43,1,25,62,25,62,0,0,0,1
3,梅田芸術劇場メインホール,,,,0,1,18,44,1,25,63,25,63,0,0,0,1
3,梅田芸術劇場メインホール,,,,0,1,18,45,1,25,64,25,64,0,0,0,1
3,梅田芸術劇場メインホール,,,,0,1,18,46,1,25,65,25,65,0,0,0,1
3,梅田芸術劇場メインホール,,,,0,1,18,47,1,25,66,25,66,0,0,0,1
3,梅田芸術劇場メインホール,,,,0,1,18,48,1,25,67,25,67,0,0,0,1
3,梅田芸術劇場メインホール,,,,0,1,18,49,1,25,68,25,68,0,0,0,1
3,梅田芸術劇場メインホール,,,,0,1,18,50,1,25,70,25,70,0,0,0,1
3,梅田芸術劇場メインホール,,,,0,1,18,51,1,25,71,25,71,0,0,0,1
3,梅田芸術劇場メインホール,,,,0,1,18,52,1,25,72,25,72,0,0,0,1
3,梅田芸術劇場メインホール,,,,0,1,18,53,1,25,73,25,73,0,0,0,1
3,梅田芸術劇場メインホール,,,,0,1,18,54,1,25,74,25,74,0,0,0,1
3,梅田芸術劇場メインホール,,,,0,1,18,55,1,25,75,25,75,0,0,0,1
3,梅田芸術劇場メインホール,,,,0,1,18,56,1,25,76,25,76,0,0,0,1
3,梅田芸術劇場メインホール,,,,0,1,19,6,1,26,22,26,22,0,0,0,1
3,梅田芸術劇場メインホール,,,,0,1,19,7,1,26,23,26,23,0,0,0,1
3,梅田芸術劇場メインホール,,,,0,1,19,8,1,26,24,26,24,0,0,0,1
3,梅田芸術劇場メインホール,,,,0,1,19,9,1,26,25,26,25,0,0,0,1
3,梅田芸術劇場メインホール,,,,0,1,19,10,1,26,26,26,26,0,0,0,1
3,梅田芸術劇場メインホール,,,,0,1,19,11,1,26,27,26,27,0,0,0,1
3,梅田芸術劇場メインホール,,,,0,1,19,12,1,26,28,26,28,0,0,0,1
3,梅田芸術劇場メインホール,,,,0,1,19,13,1,26,29,26,29,0,0,0,1
3,梅田芸術劇場メインホール,,,,0,1,19,14,1,26,31,26,31,0,0,0,1
3,梅田芸術劇場メインホール,,,,0,1,19,15,1,26,32,26,32,0,0,0,1
3,梅田芸術劇場メインホール,,,,0,1,19,16,1,26,33,26,33,0,0,0,1
3,梅田芸術劇場メインホール,,,,0,1,19,17,1,26,34,26,34,0,0,0,1
3,梅田芸術劇場メインホール,,,,0,1,19,18,1,26,35,26,35,0,0,0,1
3,梅田芸術劇場メインホール,,,,0,1,19,19,1,26,36,26,36,0,0,0,1
3,梅田芸術劇場メインホール,,,,0,1,19,20,1,26,37,26,37,0,0,0,1
3,梅田芸術劇場メインホール,,,,0,1,19,21,1,26,38,26,38,0,0,0,1
3,梅田芸術劇場メインホール,,,,0,1,19,22,1,26,39,26,39,0,0,0,1
3,梅田芸術劇場メインホール,,,,0,1,19,23,1,26,40,26,40,0,0,0,1
3,梅田芸術劇場メインホール,,,,0,1,19,24,1,26,41,26,41,0,0,0,1
3,梅田芸術劇場メインホール,,,,0,1,19,25,1,26,42,26,42,0,0,0,1
3,梅田芸術劇場メインホール,,,,0,1,19,26,1,26,44,26,44,0,0,0,1
3,梅田芸術劇場メインホール,,,,0,1,19,27,1,26,45,26,45,0,0,0,1
3,梅田芸術劇場メインホール,,,,0,1,19,28,1,26,46,26,46,0,0,0,1
3,梅田芸術劇場メインホール,,,,0,1,19,29,1,26,47,26,47,0,0,0,1
3,梅田芸術劇場メインホール,,,,0,1,19,30,1,26,48,26,48,0,0,0,1
3,梅田芸術劇場メインホール,,,,0,1,19,31,1,26,49,26,49,0,0,0,1
3,梅田芸術劇場メインホール,,,,0,1,19,32,1,26,50,26,50,0,0,0,1
3,梅田芸術劇場メインホール,,,,0,1,19,33,1,26,51,26,51,0,0,0,1
3,梅田芸術劇場メインホール,,,,0,1,19,34,1,26,52,26,52,0,0,0,1
3,梅田芸術劇場メインホール,,,,0,1,19,35,1,26,53,26,53,0,0,0,1
3,梅田芸術劇場メインホール,,,,0,1,19,36,1,26,54,26,54,0,0,0,1
3,梅田芸術劇場メインホール,,,,0,1,19,37,1,26,55,26,55,0,0,0,1
3,梅田芸術劇場メインホール,,,,0,1,19,38,1,26,57,26,57,0,0,0,1
3,梅田芸術劇場メインホール,,,,0,1,19,39,1,26,58,26,58,0,0,0,1
3,梅田芸術劇場メインホール,,,,0,1,19,40,1,26,59,26,59,0,0,0,1
3,梅田芸術劇場メインホール,,,,0,1,19,41,1,26,60,26,60,0,0,0,1
3,梅田芸術劇場メインホール,,,,0,1,19,42,1,26,61,26,61,0,0,0,1
3,梅田芸術劇場メインホール,,,,0,1,19,43,1,26,62,26,62,0,0,0,1
3,梅田芸術劇場メインホール,,,,0,1,19,44,1,26,63,26,63,0,0,0,1
3,梅田芸術劇場メインホール,,,,0,1,19,45,1,26,64,26,64,0,0,0,1
3,梅田芸術劇場メインホール,,,,0,1,19,46,1,26,65,26,65,0,0,0,1
3,梅田芸術劇場メインホール,,,,0,1,19,47,1,26,66,26,66,0,0,0,1
3,梅田芸術劇場メインホール,,,,0,1,19,48,1,26,67,26,67,0,0,0,1
3,梅田芸術劇場メインホール,,,,0,1,19,49,1,26,68,26,68,0,0,0,1
3,梅田芸術劇場メインホール,,,,0,1,19,50,1,26,70,26,70,0,0,0,1
3,梅田芸術劇場メインホール,,,,0,1,19,51,1,26,71,26,71,0,0,0,1
3,梅田芸術劇場メインホール,,,,0,1,19,52,1,26,72,26,72,0,0,0,1
3,梅田芸術劇場メインホール,,,,0,1,19,53,1,26,73,26,73,0,0,0,1
3,梅田芸術劇場メインホール,,,,0,1,19,54,1,26,74,26,74,0,0,0,1
3,梅田芸術劇場メインホール,,,,0,1,19,55,1,26,75,26,75,0,0,0,1
3,梅田芸術劇場メインホール,,,,0,1,19,56,1,26,76,26,76,0,0,0,1
3,梅田芸術劇場メインホール,,,,0,1,19,57,1,26,77,26,77,0,0,0,1
3,梅田芸術劇場メインホール,,,,0,1,20,5,1,28,21,28,21,0,0,0,1
3,梅田芸術劇場メインホール,,,,0,1,20,6,1,28,22,28,22,0,0,0,1
3,梅田芸術劇場メインホール,,,,0,1,20,7,1,28,23,28,23,0,0,0,1
3,梅田芸術劇場メインホール,,,,0,1,20,8,1,28,24,28,24,0,0,0,1
3,梅田芸術劇場メインホール,,,,0,1,20,9,1,28,25,28,25,0,0,0,1
3,梅田芸術劇場メインホール,,,,0,1,20,10,1,28,26,28,26,0,0,0,1
3,梅田芸術劇場メインホール,,,,0,1,20,11,1,28,27,28,27,0,0,0,1
3,梅田芸術劇場メインホール,,,,0,1,20,12,1,28,28,28,28,0,0,0,1
3,梅田芸術劇場メインホール,,,,0,1,20,13,1,28,29,28,29,0,0,0,1
3,梅田芸術劇場メインホール,,,,0,1,20,20,1,28,37,28,37,0,0,0,1
3,梅田芸術劇場メインホール,,,,0,1,20,21,1,28,38,28,38,0,0,0,1
3,梅田芸術劇場メインホール,,,,0,1,20,22,1,28,39,28,39,0,0,0,1
3,梅田芸術劇場メインホール,,,,0,1,20,23,1,28,40,28,40,0,0,0,1
3,梅田芸術劇場メインホール,,,,0,1,20,24,1,28,41,28,41,0,0,0,1
3,梅田芸術劇場メインホール,,,,0,1,20,25,1,28,42,28,42,0,0,0,1
3,梅田芸術劇場メインホール,,,,0,1,20,26,1,28,44,28,44,0,0,0,1
3,梅田芸術劇場メインホール,,,,0,1,20,27,1,28,45,28,45,0,0,0,1
3,梅田芸術劇場メインホール,,,,0,1,20,28,1,28,46,28,46,0,0,0,1
3,梅田芸術劇場メインホール,,,,0,1,20,29,1,28,47,28,47,0,0,0,1
3,梅田芸術劇場メインホール,,,,0,1,20,30,1,28,48,28,48,0,0,0,1
3,梅田芸術劇場メインホール,,,,0,1,20,31,1,28,49,28,49,0,0,0,1
3,梅田芸術劇場メインホール,,,,0,1,20,32,1,28,50,28,50,0,0,0,1
3,梅田芸術劇場メインホール,,,,0,1,20,33,1,28,51,28,51,0,0,0,1
3,梅田芸術劇場メインホール,,,,0,1,20,34,1,28,52,28,52,0,0,0,1
3,梅田芸術劇場メインホール,,,,0,1,20,35,1,28,53,28,53,0,0,0,1
3,梅田芸術劇場メインホール,,,,0,1,20,36,1,28,54,28,54,0,0,0,1
3,梅田芸術劇場メインホール,,,,0,1,20,37,1,28,55,28,55,0,0,0,1
3,梅田芸術劇場メインホール,,,,0,1,20,38,1,28,57,28,57,0,0,0,1
3,梅田芸術劇場メインホール,,,,0,1,20,39,1,28,58,28,58,0,0,0,1
3,梅田芸術劇場メインホール,,,,0,1,20,40,1,28,59,28,59,0,0,0,1
3,梅田芸術劇場メインホール,,,,0,1,20,41,1,28,60,28,60,0,0,0,1
3,梅田芸術劇場メインホール,,,,0,1,20,42,1,28,61,28,61,0,0,0,1
3,梅田芸術劇場メインホール,,,,0,1,20,43,1,28,62,28,62,0,0,0,1
3,梅田芸術劇場メインホール,,,,0,1,20,50,1,28,70,28,70,0,0,0,1
3,梅田芸術劇場メインホール,,,,0,1,20,51,1,28,71,28,71,0,0,0,1
3,梅田芸術劇場メインホール,,,,0,1,20,52,1,28,72,28,72,0,0,0,1
3,梅田芸術劇場メインホール,,,,0,1,20,53,1,28,73,28,73,0,0,0,1
3,梅田芸術劇場メインホール,,,,0,1,20,54,1,28,74,28,74,0,0,0,1
3,梅田芸術劇場メインホール,,,,0,1,20,55,1,28,75,28,75,0,0,0,1
3,梅田芸術劇場メインホール,,,,0,1,20,56,1,28,76,28,76,0,0,0,1
3,梅田芸術劇場メインホール,,,,0,1,20,57,1,28,77,28,77,0,0,0,1
3,梅田芸術劇場メインホール,,,,0,1,20,58,1,28,78,28,78,0,0,0,1
3,梅田芸術劇場メインホール,,,,0,1,21,5,1,29,21,29,21,0,0,0,1
3,梅田芸術劇場メインホール,,,,0,1,21,6,1,29,22,29,22,0,0,0,1
3,梅田芸術劇場メインホール,,,,0,1,21,7,1,29,23,29,23,0,0,0,1
3,梅田芸術劇場メインホール,,,,0,1,21,8,1,29,24,29,24,0,0,0,1
3,梅田芸術劇場メインホール,,,,0,1,21,9,1,29,25,29,25,0,0,0,1
3,梅田芸術劇場メインホール,,,,0,1,21,10,1,29,26,29,26,0,0,0,1
3,梅田芸術劇場メインホール,,,,0,1,21,11,1,29,27,29,27,0,0,0,1
3,梅田芸術劇場メインホール,,,,0,1,21,12,1,29,28,29,28,0,0,0,1
3,梅田芸術劇場メインホール,,,,0,1,21,13,1,29,29,29,29,0,0,0,1
3,梅田芸術劇場メインホール,,,,0,1,21,20,1,29,37,29,37,0,0,0,1
3,梅田芸術劇場メインホール,,,,0,1,21,21,1,29,38,29,38,0,0,0,1
3,梅田芸術劇場メインホール,,,,0,1,21,22,1,29,39,29,39,0,0,0,1
3,梅田芸術劇場メインホール,,,,0,1,21,23,1,29,40,29,40,0,0,0,1
3,梅田芸術劇場メインホール,,,,0,1,21,24,1,29,41,29,41,0,0,0,1
3,梅田芸術劇場メインホール,,,,0,1,21,25,1,29,42,29,42,0,0,0,1
3,梅田芸術劇場メインホール,,,,0,1,21,26,1,29,44,29,44,0,0,0,1
3,梅田芸術劇場メインホール,,,,0,1,21,27,1,29,45,29,45,0,0,0,1
3,梅田芸術劇場メインホール,,,,0,1,21,28,1,29,46,29,46,0,0,0,1
3,梅田芸術劇場メインホール,,,,0,1,21,29,1,29,47,29,47,0,0,0,1
3,梅田芸術劇場メインホール,,,,0,1,21,30,1,29,48,29,48,0,0,0,1
3,梅田芸術劇場メインホール,,,,0,1,21,31,1,29,49,29,49,0,0,0,1
3,梅田芸術劇場メインホール,,,,0,1,21,32,1,29,50,29,50,0,0,0,1
3,梅田芸術劇場メインホール,,,,0,1,21,33,1,29,51,29,51,0,0,0,1
3,梅田芸術劇場メインホール,,,,0,1,21,34,1,29,52,29,52,0,0,0,1
3,梅田芸術劇場メインホール,,,,0,1,21,35,1,29,53,29,53,0,0,0,1
3,梅田芸術劇場メインホール,,,,0,1,21,36,1,29,54,29,54,0,0,0,1
3,梅田芸術劇場メインホール,,,,0,1,21,37,1,29,55,29,55,0,0,0,1
3,梅田芸術劇場メインホール,,,,0,1,21,38,1,29,57,29,57,0,0,0,1
3,梅田芸術劇場メインホール,,,,0,1,21,39,1,29,58,29,58,0,0,0,1
3,梅田芸術劇場メインホール,,,,0,1,21,40,1,29,59,29,59,0,0,0,1
3,梅田芸術劇場メインホール,,,,0,1,21,41,1,29,60,29,60,0,0,0,1
3,梅田芸術劇場メインホール,,,,0,1,21,42,1,29,61,29,61,0,0,0,1
3,梅田芸術劇場メインホール,,,,0,1,21,43,1,29,62,29,62,0,0,0,1
3,梅田芸術劇場メインホール,,,,0,1,21,50,1,29,70,29,70,0,0,0,1
3,梅田芸術劇場メインホール,,,,0,1,21,51,1,29,71,29,71,0,0,0,1
3,梅田芸術劇場メインホール,,,,0,1,21,52,1,29,72,29,72,0,0,0,1
3,梅田芸術劇場メインホール,,,,0,1,21,53,1,29,73,29,73,0,0,0,1
3,梅田芸術劇場メインホール,,,,0,1,21,54,1,29,74,29,74,0,0,0,1
3,梅田芸術劇場メインホール,,,,0,1,21,55,1,29,75,29,75,0,0,0,1
3,梅田芸術劇場メインホール,,,,0,1,21,56,1,29,76,29,76,0,0,0,1
3,梅田芸術劇場メインホール,,,,0,1,21,57,1,29,77,29,77,0,0,0,1
3,梅田芸術劇場メインホール,,,,0,1,21,58,1,29,78,29,78,0,0,0,1
3,梅田芸術劇場メインホール,,,,0,1,22,5,1,30,21,30,21,0,0,0,1
3,梅田芸術劇場メインホール,,,,0,1,22,6,1,30,22,30,22,0,0,0,1
3,梅田芸術劇場メインホール,,,,0,1,22,7,1,30,23,30,23,0,0,0,1
3,梅田芸術劇場メインホール,,,,0,1,22,8,1,30,24,30,24,0,0,0,1
3,梅田芸術劇場メインホール,,,,0,1,22,9,1,30,25,30,25,0,0,0,1
3,梅田芸術劇場メインホール,,,,0,1,22,10,1,30,26,30,26,0,0,0,1
3,梅田芸術劇場メインホール,,,,0,1,22,11,1,30,27,30,27,0,0,0,1
3,梅田芸術劇場メインホール,,,,0,1,22,12,1,30,28,30,28,0,0,0,1
3,梅田芸術劇場メインホール,,,,0,1,22,13,1,30,29,30,29,0,0,0,1
3,梅田芸術劇場メインホール,,,,0,1,22,20,1,30,37,30,37,0,0,0,1
3,梅田芸術劇場メインホール,,,,0,1,22,21,1,30,38,30,38,0,0,0,1
3,梅田芸術劇場メインホール,,,,0,1,22,22,1,30,39,30,39,0,0,0,1
3,梅田芸術劇場メインホール,,,,0,1,22,23,1,30,40,30,40,0,0,0,1
3,梅田芸術劇場メインホール,,,,0,1,22,24,1,30,41,30,41,0,0,0,1
3,梅田芸術劇場メインホール,,,,0,1,22,25,1,30,42,30,42,0,0,0,1
3,梅田芸術劇場メインホール,,,,0,1,22,26,1,30,44,30,44,0,0,0,1
3,梅田芸術劇場メインホール,,,,0,1,22,27,1,30,45,30,45,0,0,0,1
3,梅田芸術劇場メインホール,,,,0,1,22,28,1,30,46,30,46,0,0,0,1
3,梅田芸術劇場メインホール,,,,0,1,22,29,1,30,47,30,47,0,0,0,1
3,梅田芸術劇場メインホール,,,,0,1,22,30,1,30,48,30,48,0,0,0,1
3,梅田芸術劇場メインホール,,,,0,1,22,31,1,30,49,30,49,0,0,0,1
3,梅田芸術劇場メインホール,,,,0,1,22,32,1,30,50,30,50,0,0,0,1
3,梅田芸術劇場メインホール,,,,0,1,22,33,1,30,51,30,51,0,0,0,1
3,梅田芸術劇場メインホール,,,,0,1,22,34,1,30,52,30,52,0,0,0,1
3,梅田芸術劇場メインホール,,,,0,1,22,35,1,30,53,30,53,0,0,0,1
3,梅田芸術劇場メインホール,,,,0,1,22,36,1,30,54,30,54,0,0,0,1
3,梅田芸術劇場メインホール,,,,0,1,22,37,1,30,55,30,55,0,0,0,1
3,梅田芸術劇場メインホール,,,,0,1,22,38,1,30,57,30,57,0,0,0,1
3,梅田芸術劇場メインホール,,,,0,1,22,39,1,30,58,30,58,0,0,0,1
3,梅田芸術劇場メインホール,,,,0,1,22,40,1,30,59,30,59,0,0,0,1
3,梅田芸術劇場メインホール,,,,0,1,22,41,1,30,60,30,60,0,0,0,1
3,梅田芸術劇場メインホール,,,,0,1,22,42,1,30,61,30,61,0,0,0,1
3,梅田芸術劇場メインホール,,,,0,1,22,43,1,30,62,30,62,0,0,0,1
3,梅田芸術劇場メインホール,,,,0,1,22,50,1,30,70,30,70,0,0,0,1
3,梅田芸術劇場メインホール,,,,0,1,22,51,1,30,71,30,71,0,0,0,1
3,梅田芸術劇場メインホール,,,,0,1,22,52,1,30,72,30,72,0,0,0,1
3,梅田芸術劇場メインホール,,,,0,1,22,53,1,30,73,30,73,0,0,0,1
3,梅田芸術劇場メインホール,,,,0,1,22,54,1,30,74,30,74,0,0,0,1
3,梅田芸術劇場メインホール,,,,0,1,22,55,1,30,75,30,75,0,0,0,1
3,梅田芸術劇場メインホール,,,,0,1,22,56,1,30,76,30,76,0,0,0,1
3,梅田芸術劇場メインホール,,,,0,1,22,57,1,30,77,30,77,0,0,0,1
3,梅田芸術劇場メインホール,,,,0,1,22,58,1,30,78,30,78,0,0,0,1
3,梅田芸術劇場メインホール,,,,0,1,23,5,1,31,21,31,21,0,0,0,1
3,梅田芸術劇場メインホール,,,,0,1,23,6,1,31,22,31,22,0,0,0,1
3,梅田芸術劇場メインホール,,,,0,1,23,7,1,31,23,31,23,0,0,0,1
3,梅田芸術劇場メインホール,,,,0,1,23,8,1,31,24,31,24,0,0,0,1
3,梅田芸術劇場メインホール,,,,0,1,23,9,1,31,25,31,25,0,0,0,1
3,梅田芸術劇場メインホール,,,,0,1,23,10,1,31,26,31,26,0,0,0,1
3,梅田芸術劇場メインホール,,,,0,1,23,11,1,31,27,31,27,0,0,0,1
3,梅田芸術劇場メインホール,,,,0,1,23,12,1,31,28,31,28,0,0,0,1
3,梅田芸術劇場メインホール,,,,0,1,23,13,1,31,29,31,29,0,0,0,1
3,梅田芸術劇場メインホール,,,,0,1,23,14,1,31,31,31,31,0,0,0,1
3,梅田芸術劇場メインホール,,,,0,1,23,15,1,31,32,31,32,0,0,0,1
3,梅田芸術劇場メインホール,,,,0,1,23,16,1,31,33,31,33,0,0,0,1
3,梅田芸術劇場メインホール,,,,0,1,23,17,1,31,34,31,34,0,0,0,1
3,梅田芸術劇場メインホール,,,,0,1,23,18,1,31,35,31,35,0,0,0,1
3,梅田芸術劇場メインホール,,,,0,1,23,19,1,31,36,31,36,0,0,0,1
3,梅田芸術劇場メインホール,,,,0,1,23,20,1,31,37,31,37,0,0,0,1
3,梅田芸術劇場メインホール,,,,0,1,23,21,1,31,38,31,38,0,0,0,1
3,梅田芸術劇場メインホール,,,,0,1,23,22,1,31,39,31,39,0,0,0,1
3,梅田芸術劇場メインホール,,,,0,1,23,23,1,31,40,31,40,0,0,0,1
3,梅田芸術劇場メインホール,,,,0,1,23,24,1,31,41,31,41,0,0,0,1
3,梅田芸術劇場メインホール,,,,0,1,23,25,1,31,42,31,42,0,0,0,1
3,梅田芸術劇場メインホール,,,,0,1,23,26,1,31,44,31,44,0,0,0,1
3,梅田芸術劇場メインホール,,,,0,1,23,27,1,31,45,31,45,0,0,0,1
3,梅田芸術劇場メインホール,,,,0,1,23,28,1,31,46,31,46,0,0,0,1
3,梅田芸術劇場メインホール,,,,0,1,23,29,1,31,47,31,47,0,0,0,1
3,梅田芸術劇場メインホール,,,,0,1,23,30,1,31,48,31,48,0,0,0,1
3,梅田芸術劇場メインホール,,,,0,1,23,31,1,31,49,31,49,0,0,0,1
3,梅田芸術劇場メインホール,,,,0,1,23,32,1,31,50,31,50,0,0,0,1
3,梅田芸術劇場メインホール,,,,0,1,23,33,1,31,51,31,51,0,0,0,1
3,梅田芸術劇場メインホール,,,,0,1,23,34,1,31,52,31,52,0,0,0,1
3,梅田芸術劇場メインホール,,,,0,1,23,35,1,31,53,31,53,0,0,0,1
3,梅田芸術劇場メインホール,,,,0,1,23,36,1,31,54,31,54,0,0,0,1
3,梅田芸術劇場メインホール,,,,0,1,23,37,1,31,55,31,55,0,0,0,1
3,梅田芸術劇場メインホール,,,,0,1,23,38,1,31,57,31,57,0,0,0,1
3,梅田芸術劇場メインホール,,,,0,1,23,39,1,31,58,31,58,0,0,0,1
3,梅田芸術劇場メインホール,,,,0,1,23,40,1,31,59,31,59,0,0,0,1
3,梅田芸術劇場メインホール,,,,0,1,23,41,1,31,60,31,60,0,0,0,1
3,梅田芸術劇場メインホール,,,,0,1,23,42,1,31,61,31,61,0,0,0,1
3,梅田芸術劇場メインホール,,,,0,1,23,43,1,31,62,31,62,0,0,0,1
3,梅田芸術劇場メインホール,,,,0,1,23,44,1,31,63,31,63,0,0,0,1
3,梅田芸術劇場メインホール,,,,0,1,23,45,1,31,64,31,64,0,0,0,1
3,梅田芸術劇場メインホール,,,,0,1,23,46,1,31,65,31,65,0,0,0,1
3,梅田芸術劇場メインホール,,,,0,1,23,47,1,31,66,31,66,0,0,0,1
3,梅田芸術劇場メインホール,,,,0,1,23,48,1,31,67,31,67,0,0,0,1
3,梅田芸術劇場メインホール,,,,0,1,23,49,1,31,68,31,68,0,0,0,1
3,梅田芸術劇場メインホール,,,,0,1,23,50,1,31,70,31,70,0,0,0,1
3,梅田芸術劇場メインホール,,,,0,1,23,51,1,31,71,31,71,0,0,0,1
3,梅田芸術劇場メインホール,,,,0,1,23,52,1,31,72,31,72,0,0,0,1
3,梅田芸術劇場メインホール,,,,0,1,23,53,1,31,73,31,73,0,0,0,1
3,梅田芸術劇場メインホール,,,,0,1,23,54,1,31,74,31,74,0,0,0,1
3,梅田芸術劇場メインホール,,,,0,1,23,55,1,31,75,31,75,0,0,0,1
3,梅田芸術劇場メインホール,,,,0,1,23,56,1,31,76,31,76,0,0,0,1
3,梅田芸術劇場メインホール,,,,0,1,23,57,1,31,77,31,77,0,0,0,1
3,梅田芸術劇場メインホール,,,,0,1,23,58,1,31,78,31,78,0,0,0,1
3,梅田芸術劇場メインホール,,,,0,1,24,5,1,32,21,32,21,0,0,0,1
3,梅田芸術劇場メインホール,,,,0,1,24,6,1,32,22,32,22,0,0,0,1
3,梅田芸術劇場メインホール,,,,0,1,24,7,1,32,23,32,23,0,0,0,1
3,梅田芸術劇場メインホール,,,,0,1,24,8,1,32,24,32,24,0,0,0,1
3,梅田芸術劇場メインホール,,,,0,1,24,9,1,32,25,32,25,0,0,0,1
3,梅田芸術劇場メインホール,,,,0,1,24,10,1,32,26,32,26,0,0,0,1
3,梅田芸術劇場メインホール,,,,0,1,24,11,1,32,27,32,27,0,0,0,1
3,梅田芸術劇場メインホール,,,,0,1,24,12,1,32,28,32,28,0,0,0,1
3,梅田芸術劇場メインホール,,,,0,1,24,13,1,32,29,32,29,0,0,0,1
3,梅田芸術劇場メインホール,,,,0,1,24,14,1,32,31,32,31,0,0,0,1
3,梅田芸術劇場メインホール,,,,0,1,24,15,1,32,32,32,32,0,0,0,1
3,梅田芸術劇場メインホール,,,,0,1,24,16,1,32,33,32,33,0,0,0,1
3,梅田芸術劇場メインホール,,,,0,1,24,17,1,32,34,32,34,0,0,0,1
3,梅田芸術劇場メインホール,,,,0,1,24,18,1,32,35,32,35,0,0,0,1
3,梅田芸術劇場メインホール,,,,0,1,24,19,1,32,36,32,36,0,0,0,1
3,梅田芸術劇場メインホール,,,,0,1,24,20,1,32,37,32,37,0,0,0,1
3,梅田芸術劇場メインホール,,,,0,1,24,21,1,32,38,32,38,0,0,0,1
3,梅田芸術劇場メインホール,,,,0,1,24,22,1,32,39,32,39,0,0,0,1
3,梅田芸術劇場メインホール,,,,0,1,24,23,1,32,40,32,40,0,0,0,1
3,梅田芸術劇場メインホール,,,,0,1,24,24,1,32,41,32,41,0,0,0,1
3,梅田芸術劇場メインホール,,,,0,1,24,25,1,32,42,32,42,0,0,0,1
3,梅田芸術劇場メインホール,,,,0,1,24,26,1,32,44,32,44,0,0,0,1
3,梅田芸術劇場メインホール,,,,0,1,24,27,1,32,45,32,45,0,0,0,1
3,梅田芸術劇場メインホール,,,,0,1,24,28,1,32,46,32,46,0,0,0,1
3,梅田芸術劇場メインホール,,,,0,1,24,29,1,32,47,32,47,0,0,0,1
3,梅田芸術劇場メインホール,,,,0,1,24,30,1,32,48,32,48,0,0,0,1
3,梅田芸術劇場メインホール,,,,0,1,24,31,1,32,49,32,49,0,0,0,1
3,梅田芸術劇場メインホール,,,,0,1,24,32,1,32,50,32,50,0,0,0,1
3,梅田芸術劇場メインホール,,,,0,1,24,33,1,32,51,32,51,0,0,0,1
3,梅田芸術劇場メインホール,,,,0,1,24,34,1,32,52,32,52,0,0,0,1
3,梅田芸術劇場メインホール,,,,0,1,24,35,1,32,53,32,53,0,0,0,1
3,梅田芸術劇場メインホール,,,,0,1,24,36,1,32,54,32,54,0,0,0,1
3,梅田芸術劇場メインホール,,,,0,1,24,37,1,32,55,32,55,0,0,0,1
3,梅田芸術劇場メインホール,,,,0,1,24,38,1,32,57,32,57,0,0,0,1
3,梅田芸術劇場メインホール,,,,0,1,24,39,1,32,58,32,58,0,0,0,1
3,梅田芸術劇場メインホール,,,,0,1,24,40,1,32,59,32,59,0,0,0,1
3,梅田芸術劇場メインホール,,,,0,1,24,41,1,32,60,32,60,0,0,0,1
3,梅田芸術劇場メインホール,,,,0,1,24,42,1,32,61,32,61,0,0,0,1
3,梅田芸術劇場メインホール,,,,0,1,24,43,1,32,62,32,62,0,0,0,1
3,梅田芸術劇場メインホール,,,,0,1,24,44,1,32,63,32,63,0,0,0,1
3,梅田芸術劇場メインホール,,,,0,1,24,45,1,32,64,32,64,0,0,0,1
3,梅田芸術劇場メインホール,,,,0,1,24,46,1,32,65,32,65,0,0,0,1
3,梅田芸術劇場メインホール,,,,0,1,24,47,1,32,66,32,66,0,0,0,1
3,梅田芸術劇場メインホール,,,,0,1,24,48,1,32,67,32,67,0,0,0,1
3,梅田芸術劇場メインホール,,,,0,1,24,49,1,32,68,32,68,0,0,0,1
3,梅田芸術劇場メインホール,,,,0,1,24,50,1,32,70,32,70,0,0,0,1
3,梅田芸術劇場メインホール,,,,0,1,24,51,1,32,71,32,71,0,0,0,1
3,梅田芸術劇場メインホール,,,,0,1,24,52,1,32,72,32,72,0,0,0,1
3,梅田芸術劇場メインホール,,,,0,1,24,53,1,32,73,32,73,0,0,0,1
3,梅田芸術劇場メインホール,,,,0,1,24,54,1,32,74,32,74,0,0,0,1
3,梅田芸術劇場メインホール,,,,0,1,24,55,1,32,75,32,75,0,0,0,1
3,梅田芸術劇場メインホール,,,,0,1,24,56,1,32,76,32,76,0,0,0,1
3,梅田芸術劇場メインホール,,,,0,1,24,57,1,32,77,32,77,0,0,0,1
3,梅田芸術劇場メインホール,,,,0,1,24,58,1,32,78,32,78,0,0,0,1
3,梅田芸術劇場メインホール,,,,0,1,25,5,1,33,21,33,21,0,0,0,1
3,梅田芸術劇場メインホール,,,,0,1,25,6,1,33,22,33,22,0,0,0,1
3,梅田芸術劇場メインホール,,,,0,1,25,7,1,33,23,33,23,0,0,0,1
3,梅田芸術劇場メインホール,,,,0,1,25,8,1,33,24,33,24,0,0,0,1
3,梅田芸術劇場メインホール,,,,0,1,25,9,1,33,25,33,25,0,0,0,1
3,梅田芸術劇場メインホール,,,,0,1,25,10,1,33,26,33,26,0,0,0,1
3,梅田芸術劇場メインホール,,,,0,1,25,11,1,33,27,33,27,0,0,0,1
3,梅田芸術劇場メインホール,,,,0,1,25,12,1,33,28,33,28,0,0,0,1
3,梅田芸術劇場メインホール,,,,0,1,25,13,1,33,29,33,29,0,0,0,1
3,梅田芸術劇場メインホール,,,,0,1,25,15,1,33,32,33,32,0,0,0,1
3,梅田芸術劇場メインホール,,,,0,1,25,16,1,33,33,33,33,0,0,0,1
3,梅田芸術劇場メインホール,,,,0,1,25,17,1,33,34,33,34,0,0,0,1
3,梅田芸術劇場メインホール,,,,0,1,25,18,1,33,35,33,35,0,0,0,1
3,梅田芸術劇場メインホール,,,,0,1,25,19,1,33,36,33,36,0,0,0,1
3,梅田芸術劇場メインホール,,,,0,1,25,20,1,33,37,33,37,0,0,0,1
3,梅田芸術劇場メインホール,,,,0,1,25,21,1,33,38,33,38,0,0,0,1
3,梅田芸術劇場メインホール,,,,0,1,25,22,1,33,39,33,39,0,0,0,1
3,梅田芸術劇場メインホール,,,,0,1,25,23,1,33,40,33,40,0,0,0,1
3,梅田芸術劇場メインホール,,,,0,1,25,24,1,33,41,33,41,0,0,0,1
3,梅田芸術劇場メインホール,,,,0,1,25,25,1,33,42,33,42,0,0,0,1
3,梅田芸術劇場メインホール,,,,0,1,25,26,1,33,44,33,44,0,0,0,1
3,梅田芸術劇場メインホール,,,,0,1,25,27,1,33,45,33,45,0,0,0,1
3,梅田芸術劇場メインホール,,,,0,1,25,28,1,33,46,33,46,0,0,0,1
3,梅田芸術劇場メインホール,,,,0,1,25,29,1,33,47,33,47,0,0,0,1
3,梅田芸術劇場メインホール,,,,0,1,25,30,1,33,48,33,48,0,0,0,1
3,梅田芸術劇場メインホール,,,,0,1,25,31,1,33,49,33,49,0,0,0,1
3,梅田芸術劇場メインホール,,,,0,1,25,32,1,33,50,33,50,0,0,0,1
3,梅田芸術劇場メインホール,,,,0,1,25,33,1,33,51,33,51,0,0,0,1
3,梅田芸術劇場メインホール,,,,0,1,25,34,1,33,52,33,52,0,0,0,1
3,梅田芸術劇場メインホール,,,,0,1,25,35,1,33,53,33,53,0,0,0,1
3,梅田芸術劇場メインホール,,,,0,1,25,36,1,33,54,33,54,0,0,0,1
3,梅田芸術劇場メインホール,,,,0,1,25,37,1,33,55,33,55,0,0,0,1
3,梅田芸術劇場メインホール,,,,0,1,25,38,1,33,57,33,57,0,0,0,1
3,梅田芸術劇場メインホール,,,,0,1,25,39,1,33,58,33,58,0,0,0,1
3,梅田芸術劇場メインホール,,,,0,1,25,40,1,33,59,33,59,0,0,0,1
3,梅田芸術劇場メインホール,,,,0,1,25,41,1,33,60,33,60,0,0,0,1
3,梅田芸術劇場メインホール,,,,0,1,25,42,1,33,61,33,61,0,0,0,1
3,梅田芸術劇場メインホール,,,,0,1,25,43,1,33,62,33,62,0,0,0,1
3,梅田芸術劇場メインホール,,,,0,1,25,44,1,33,63,33,63,0,0,0,1
3,梅田芸術劇場メインホール,,,,0,1,25,45,1,33,64,33,64,0,0,0,1
3,梅田芸術劇場メインホール,,,,0,1,25,46,1,33,65,33,65,0,0,0,1
3,梅田芸術劇場メインホール,,,,0,1,25,47,1,33,66,33,66,0,0,0,1
3,梅田芸術劇場メインホール,,,,0,1,25,48,1,33,67,33,67,0,0,0,1
3,梅田芸術劇場メインホール,,,,0,1,25,49,1,33,68,33,68,0,0,0,1
3,梅田芸術劇場メインホール,,,,0,1,25,50,1,33,70,33,70,0,0,0,1
3,梅田芸術劇場メインホール,,,,0,1,25,51,1,33,71,33,71,0,0,0,1
3,梅田芸術劇場メインホール,,,,0,1,25,52,1,33,72,33,72,0,0,0,1
3,梅田芸術劇場メインホール,,,,0,1,25,53,1,33,73,33,73,0,0,0,1
3,梅田芸術劇場メインホール,,,,0,1,25,54,1,33,74,33,74,0,0,0,1
3,梅田芸術劇場メインホール,,,,0,1,25,55,1,33,75,33,75,0,0,0,1
3,梅田芸術劇場メインホール,,,,0,1,25,56,1,33,76,33,76,0,0,0,1
3,梅田芸術劇場メインホール,,,,0,1,25,57,1,33,77,33,77,0,0,0,1
3,梅田芸術劇場メインホール,,,,0,1,25,58,1,33,78,33,78,0,0,0,1
3,梅田芸術劇場メインホール,,,,0,1,26,14,1,34,31,34,31,0,0,0,1
3,梅田芸術劇場メインホール,,,,0,1,26,15,1,34,32,34,32,0,0,0,1
3,梅田芸術劇場メインホール,,,,0,1,26,16,1,34,33,34,33,0,0,0,1
3,梅田芸術劇場メインホール,,,,0,1,26,17,1,34,34,34,34,0,0,0,1
3,梅田芸術劇場メインホール,,,,0,1,26,18,1,34,35,34,35,0,0,0,1
3,梅田芸術劇場メインホール,,,,0,1,26,19,1,34,36,34,36,0,0,0,1
3,梅田芸術劇場メインホール,,,,0,1,26,20,1,34,37,34,37,0,0,0,1
3,梅田芸術劇場メインホール,,,,0,1,26,21,1,34,38,34,38,0,0,0,1
3,梅田芸術劇場メインホール,,,,0,1,26,22,1,34,39,34,39,0,0,0,1
3,梅田芸術劇場メインホール,,,,0,1,26,23,1,34,40,34,40,0,0,0,1
3,梅田芸術劇場メインホール,,,,0,1,26,24,1,34,41,34,41,0,0,0,1
3,梅田芸術劇場メインホール,,,,0,1,26,25,1,34,42,34,42,0,0,0,1
3,梅田芸術劇場メインホール,,,,0,1,26,26,1,34,44,34,44,0,0,0,1
3,梅田芸術劇場メインホール,,,,0,1,26,27,1,34,45,34,45,0,0,0,1
3,梅田芸術劇場メインホール,,,,0,1,26,28,1,34,46,34,46,0,0,0,1
3,梅田芸術劇場メインホール,,,,0,1,26,29,1,34,47,34,47,0,0,0,1
3,梅田芸術劇場メインホール,,,,0,1,26,30,1,34,48,34,48,0,0,0,1
3,梅田芸術劇場メインホール,,,,0,1,26,31,1,34,49,34,49,0,0,0,1
3,梅田芸術劇場メインホール,,,,0,1,26,32,1,34,50,34,50,0,0,0,1
3,梅田芸術劇場メインホール,,,,0,1,26,33,1,34,51,34,51,0,0,0,1
3,梅田芸術劇場メインホール,,,,0,1,26,34,1,34,52,34,52,0,0,0,1
3,梅田芸術劇場メインホール,,,,0,1,26,35,1,34,53,34,53,0,0,0,1
3,梅田芸術劇場メインホール,,,,0,1,26,36,1,34,54,34,54,0,0,0,1
3,梅田芸術劇場メインホール,,,,0,1,26,37,1,34,55,34,55,0,0,0,1
3,梅田芸術劇場メインホール,,,,0,1,26,38,1,34,57,34,57,0,0,0,1
3,梅田芸術劇場メインホール,,,,0,1,26,39,1,34,58,34,58,0,0,0,1
3,梅田芸術劇場メインホール,,,,0,1,26,40,1,34,59,34,59,0,0,0,1
3,梅田芸術劇場メインホール,,,,0,1,26,41,1,34,60,34,60,0,0,0,1
3,梅田芸術劇場メインホール,,,,0,1,26,42,1,34,61,34,61,0,0,0,1
3,梅田芸術劇場メインホール,,,,0,1,26,43,1,34,62,34,62,0,0,0,1
3,梅田芸術劇場メインホール,,,,0,1,26,44,1,34,63,34,63,0,0,0,1
3,梅田芸術劇場メインホール,,,,0,1,26,45,1,34,64,34,64,0,0,0,1
3,梅田芸術劇場メインホール,,,,0,1,26,46,1,34,65,34,65,0,0,0,1
3,梅田芸術劇場メインホール,,,,0,1,26,47,1,34,66,34,66,0,0,0,1
3,梅田芸術劇場メインホール,,,,0,1,26,48,1,34,67,34,67,0,0,0,1
3,梅田芸術劇場メインホール,,,,0,1,26,49,1,34,68,34,68,0,0,0,1
3,梅田芸術劇場メインホール,,,,0,2,LB,1,1,42,2,42,2,0,0,0,1
3,梅田芸術劇場メインホール,,,,0,2,LB,2,1,42,3,42,3,0,0,0,1
3,梅田芸術劇場メインホール,,,,0,2,LB,3,1,42,4,42,4,0,0,0,1
3,梅田芸術劇場メインホール,,,,0,2,LB,4,1,42,5,42,5,0,0,0,1
3,梅田芸術劇場メインホール,,,,0,2,LB,5,1,42,6,42,6,0,0,0,1
3,梅田芸術劇場メインホール,,,,0,2,LB,6,1,42,7,42,7,0,0,0,1
3,梅田芸術劇場メインホール,,,,0,2,1,2,1,44,12,44,12,0,0,0,1
3,梅田芸術劇場メインホール,,,,0,2,1,3,1,44,13,44,13,0,0,0,1
3,梅田芸術劇場メインホール,,,,0,2,1,4,1,44,14,44,14,0,0,0,1
3,梅田芸術劇場メインホール,,,,0,2,1,5,1,44,15,44,15,0,0,0,1
3,梅田芸術劇場メインホール,,,,0,2,1,6,1,44,16,44,16,0,0,0,1
3,梅田芸術劇場メインホール,,,,0,2,1,7,1,44,17,44,17,0,0,0,1
3,梅田芸術劇場メインホール,,,,0,2,1,8,1,44,18,44,18,0,0,0,1
3,梅田芸術劇場メインホール,,,,0,2,1,9,1,44,19,44,19,0,0,0,1
3,梅田芸術劇場メインホール,,,,0,2,1,10,1,44,20,44,20,0,0,0,1
3,梅田芸術劇場メインホール,,,,0,2,1,11,1,44,26,44,26,0,0,0,1
3,梅田芸術劇場メインホール,,,,0,2,1,12,1,44,27,44,27,0,0,0,1
3,梅田芸術劇場メインホール,,,,0,2,1,13,1,44,28,44,28,0,0,0,1
3,梅田芸術劇場メインホール,,,,0,2,1,14,1,44,29,44,29,0,0,0,1
3,梅田芸術劇場メインホール,,,,0,2,1,15,1,44,30,44,30,0,0,0,1
3,梅田芸術劇場メインホール,,,,0,2,1,16,1,44,31,44,31,0,0,0,1
3,梅田芸術劇場メインホール,,,,0,2,1,17,1,44,32,44,32,0,0,0,1
3,梅田芸術劇場メインホール,,,,0,2,1,18,1,44,33,44,33,0,0,0,1
3,梅田芸術劇場メインホール,,,,0,2,1,19,1,44,36,44,36,0,0,0,1
3,梅田芸術劇場メインホール,,,,0,2,1,20,1,44,37,44,37,0,0,0,1
3,梅田芸術劇場メインホール,,,,0,2,1,21,1,44,38,44,38,0,0,0,1
3,梅田芸術劇場メインホール,,,,0,2,1,22,1,44,39,44,39,0,0,0,1
3,梅田芸術劇場メインホール,,,,0,2,1,23,1,44,40,44,40,0,0,0,1
3,梅田芸術劇場メインホール,,,,0,2,1,24,1,44,41,44,41,0,0,0,1
3,梅田芸術劇場メインホール,,,,0,2,1,25,1,44,42,44,42,0,0,0,1
3,梅田芸術劇場メインホール,,,,0,2,1,26,1,44,44,44,44,0,0,0,1
3,梅田芸術劇場メインホール,,,,0,2,1,27,1,44,45,44,45,0,0,0,1
3,梅田芸術劇場メインホール,,,,0,2,1,28,1,44,46,44,46,0,0,0,1
3,梅田芸術劇場メインホール,,,,0,2,1,29,1,44,47,44,47,0,0,0,1
3,梅田芸術劇場メインホール,,,,0,2,1,30,1,44,48,44,48,0,0,0,1
3,梅田芸術劇場メインホール,,,,0,2,1,31,1,44,49,44,49,0,0,0,1
3,梅田芸術劇場メインホール,,,,0,2,1,32,1,44,50,44,50,0,0,0,1
3,梅田芸術劇場メインホール,,,,0,2,1,33,1,44,51,44,51,0,0,0,1
3,梅田芸術劇場メインホール,,,,0,2,1,34,1,44,52,44,52,0,0,0,1
3,梅田芸術劇場メインホール,,,,0,2,1,35,1,44,53,44,53,0,0,0,1
3,梅田芸術劇場メインホール,,,,0,2,1,36,1,44,54,44,54,0,0,0,1
3,梅田芸術劇場メインホール,,,,0,2,1,37,1,44,55,44,55,0,0,0,1
3,梅田芸術劇場メインホール,,,,0,2,1,38,1,44,57,44,57,0,0,0,1
3,梅田芸術劇場メインホール,,,,0,2,1,39,1,44,58,44,58,0,0,0,1
3,梅田芸術劇場メインホール,,,,0,2,1,40,1,44,59,44,59,0,0,0,1
3,梅田芸術劇場メインホール,,,,0,2,1,41,1,44,60,44,60,0,0,0,1
3,梅田芸術劇場メインホール,,,,0,2,1,42,1,44,61,44,61,0,0,0,1
3,梅田芸術劇場メインホール,,,,0,2,1,43,1,44,62,44,62,0,0,0,1
3,梅田芸術劇場メインホール,,,,0,2,1,44,1,44,63,44,63,0,0,0,1
3,梅田芸術劇場メインホール,,,,0,2,1,45,1,44,66,44,66,0,0,0,1
3,梅田芸術劇場メインホール,,,,0,2,1,46,1,44,67,44,67,0,0,0,1
3,梅田芸術劇場メインホール,,,,0,2,1,47,1,44,68,44,68,0,0,0,1
3,梅田芸術劇場メインホール,,,,0,2,1,48,1,44,69,44,69,0,0,0,1
3,梅田芸術劇場メインホール,,,,0,2,1,49,1,44,70,44,70,0,0,0,1
3,梅田芸術劇場メインホール,,,,0,2,1,50,1,44,71,44,71,0,0,0,1
3,梅田芸術劇場メインホール,,,,0,2,1,51,1,44,72,44,72,0,0,0,1
3,梅田芸術劇場メインホール,,,,0,2,1,52,1,44,73,44,73,0,0,0,1
3,梅田芸術劇場メインホール,,,,0,2,1,53,1,44,79,44,79,0,0,0,1
3,梅田芸術劇場メインホール,,,,0,2,LB,7,1,45,4,45,4,0,0,0,1
3,梅田芸術劇場メインホール,,,,0,2,LB,8,1,45,5,45,5,0,0,0,1
3,梅田芸術劇場メインホール,,,,0,2,LB,9,1,45,6,45,6,0,0,0,1
3,梅田芸術劇場メインホール,,,,0,2,LB,10,1,45,7,45,7,0,0,0,1
3,梅田芸術劇場メインホール,,,,0,2,2,1,1,45,11,45,11,0,0,0,1
3,梅田芸術劇場メインホール,,,,0,2,2,2,1,45,12,45,12,0,0,0,1
3,梅田芸術劇場メインホール,,,,0,2,2,3,1,45,13,45,13,0,0,0,1
3,梅田芸術劇場メインホール,,,,0,2,2,4,1,45,14,45,14,0,0,0,1
3,梅田芸術劇場メインホール,,,,0,2,2,5,1,45,15,45,15,0,0,0,1
3,梅田芸術劇場メインホール,,,,0,2,2,6,1,45,16,45,16,0,0,0,1
3,梅田芸術劇場メインホール,,,,0,2,2,7,1,45,17,45,17,0,0,0,1
3,梅田芸術劇場メインホール,,,,0,2,2,8,1,45,18,45,18,0,0,0,1
3,梅田芸術劇場メインホール,,,,0,2,2,9,1,45,24,45,24,0,0,0,1
3,梅田芸術劇場メインホール,,,,0,2,2,10,1,45,25,45,25,0,0,0,1
3,梅田芸術劇場メインホール,,,,0,2,2,11,1,45,26,45,26,0,0,0,1
3,梅田芸術劇場メインホール,,,,0,2,2,12,1,45,27,45,27,0,0,0,1
3,梅田芸術劇場メインホール,,,,0,2,2,13,1,45,28,45,28,0,0,0,1
3,梅田芸術劇場メインホール,,,,0,2,2,14,1,45,29,45,29,0,0,0,1
3,梅田芸術劇場メインホール,,,,0,2,2,15,1,45,30,45,30,0,0,0,1
3,梅田芸術劇場メインホール,,,,0,2,2,16,1,45,31,45,31,0,0,0,1
3,梅田芸術劇場メインホール,,,,0,2,2,17,1,45,32,45,32,0,0,0,1
3,梅田芸術劇場メインホール,,,,0,2,2,18,1,45,35,45,35,0,0,0,1
3,梅田芸術劇場メインホール,,,,0,2,2,19,1,45,36,45,36,0,0,0,1
3,梅田芸術劇場メインホール,,,,0,2,2,20,1,45,37,45,37,0,0,0,1
3,梅田芸術劇場メインホール,,,,0,2,2,21,1,45,38,45,38,0,0,0,1
3,梅田芸術劇場メインホール,,,,0,2,2,22,1,45,39,45,39,0,0,0,1
3,梅田芸術劇場メインホール,,,,0,2,2,23,1,45,40,45,40,0,0,0,1
3,梅田芸術劇場メインホール,,,,0,2,2,24,1,45,41,45,41,0,0,0,1
3,梅田芸術劇場メインホール,,,,0,2,2,25,1,45,42,45,42,0,0,0,1
3,梅田芸術劇場メインホール,,,,0,2,2,26,1,45,44,45,44,0,0,0,1
3,梅田芸術劇場メインホール,,,,0,2,2,27,1,45,45,45,45,0,0,0,1
3,梅田芸術劇場メインホール,,,,0,2,2,28,1,45,46,45,46,0,0,0,1
3,梅田芸術劇場メインホール,,,,0,2,2,29,1,45,47,45,47,0,0,0,1
3,梅田芸術劇場メインホール,,,,0,2,2,30,1,45,48,45,48,0,0,0,1
3,梅田芸術劇場メインホール,,,,0,2,2,31,1,45,49,45,49,0,0,0,1
3,梅田芸術劇場メインホール,,,,0,2,2,32,1,45,50,45,50,0,0,0,1
3,梅田芸術劇場メインホール,,,,0,2,2,33,1,45,51,45,51,0,0,0,1
3,梅田芸術劇場メインホール,,,,0,2,2,34,1,45,52,45,52,0,0,0,1
3,梅田芸術劇場メインホール,,,,0,2,2,35,1,45,53,45,53,0,0,0,1
3,梅田芸術劇場メインホール,,,,0,2,2,36,1,45,54,45,54,0,0,0,1
3,梅田芸術劇場メインホール,,,,0,2,2,37,1,45,55,45,55,0,0,0,1
3,梅田芸術劇場メインホール,,,,0,2,2,38,1,45,57,45,57,0,0,0,1
3,梅田芸術劇場メインホール,,,,0,2,2,39,1,45,58,45,58,0,0,0,1
3,梅田芸術劇場メインホール,,,,0,2,2,40,1,45,59,45,59,0,0,0,1
3,梅田芸術劇場メインホール,,,,0,2,2,41,1,45,60,45,60,0,0,0,1
3,梅田芸術劇場メインホール,,,,0,2,2,42,1,45,61,45,61,0,0,0,1
3,梅田芸術劇場メインホール,,,,0,2,2,43,1,45,62,45,62,0,0,0,1
3,梅田芸術劇場メインホール,,,,0,2,2,44,1,45,63,45,63,0,0,0,1
3,梅田芸術劇場メインホール,,,,0,2,2,45,1,45,64,45,64,0,0,0,1
3,梅田芸術劇場メインホール,,,,0,2,2,46,1,45,67,45,67,0,0,0,1
3,梅田芸術劇場メインホール,,,,0,2,2,47,1,45,68,45,68,0,0,0,1
3,梅田芸術劇場メインホール,,,,0,2,2,48,1,45,69,45,69,0,0,0,1
3,梅田芸術劇場メインホール,,,,0,2,2,49,1,45,70,45,70,0,0,0,1
3,梅田芸術劇場メインホール,,,,0,2,2,50,1,45,71,45,71,0,0,0,1
3,梅田芸術劇場メインホール,,,,0,2,2,51,1,45,72,45,72,0,0,0,1
3,梅田芸術劇場メインホール,,,,0,2,2,52,1,45,73,45,73,0,0,0,1
3,梅田芸術劇場メインホール,,,,0,2,2,53,1,45,74,45,74,0,0,0,1
3,梅田芸術劇場メインホール,,,,0,2,2,54,1,45,75,45,75,0,0,0,1
3,梅田芸術劇場メインホール,,,,0,2,3,3,1,46,13,46,13,0,0,0,1
3,梅田芸術劇場メインホール,,,,0,2,3,4,1,46,14,46,14,0,0,0,1
3,梅田芸術劇場メインホール,,,,0,2,3,5,1,46,15,46,15,0,0,0,1
3,梅田芸術劇場メインホール,,,,0,2,3,6,1,46,16,46,16,0,0,0,1
3,梅田芸術劇場メインホール,,,,0,2,3,7,1,46,17,46,17,0,0,0,1
3,梅田芸術劇場メインホール,,,,0,2,3,8,1,46,23,46,23,0,0,0,1
3,梅田芸術劇場メインホール,,,,0,2,3,9,1,46,24,46,24,0,0,0,1
3,梅田芸術劇場メインホール,,,,0,2,3,10,1,46,25,46,25,0,0,0,1
3,梅田芸術劇場メインホール,,,,0,2,3,11,1,46,26,46,26,0,0,0,1
3,梅田芸術劇場メインホール,,,,0,2,3,12,1,46,27,46,27,0,0,0,1
3,梅田芸術劇場メインホール,,,,0,2,3,13,1,46,28,46,28,0,0,0,1
3,梅田芸術劇場メインホール,,,,0,2,3,14,1,46,29,46,29,0,0,0,1
3,梅田芸術劇場メインホール,,,,0,2,3,15,1,46,30,46,30,0,0,0,1
3,梅田芸術劇場メインホール,,,,0,2,3,16,1,46,31,46,31,0,0,0,1
3,梅田芸術劇場メインホール,,,,0,2,3,17,1,46,32,46,32,0,0,0,1
3,梅田芸術劇場メインホール,,,,0,2,3,18,1,46,35,46,35,0,0,0,1
3,梅田芸術劇場メインホール,,,,0,2,3,19,1,46,36,46,36,0,0,0,1
3,梅田芸術劇場メインホール,,,,0,2,3,20,1,46,37,46,37,0,0,0,1
3,梅田芸術劇場メインホール,,,,0,2,3,21,1,46,38,46,38,0,0,0,1
3,梅田芸術劇場メインホール,,,,0,2,3,22,1,46,39,46,39,0,0,0,1
3,梅田芸術劇場メインホール,,,,0,2,3,23,1,46,40,46,40,0,0,0,1
3,梅田芸術劇場メインホール,,,,0,2,3,24,1,46,41,46,41,0,0,0,1
3,梅田芸術劇場メインホール,,,,0,2,3,25,1,46,42,46,42,0,0,0,1
3,梅田芸術劇場メインホール,,,,0,2,3,26,1,46,44,46,44,0,0,0,1
3,梅田芸術劇場メインホール,,,,0,2,3,27,1,46,45,46,45,0,0,0,1
3,梅田芸術劇場メインホール,,,,0,2,3,28,1,46,46,46,46,0,0,0,1
3,梅田芸術劇場メインホール,,,,0,2,3,29,1,46,47,46,47,0,0,0,1
3,梅田芸術劇場メインホール,,,,0,2,3,30,1,46,48,46,48,0,0,0,1
3,梅田芸術劇場メインホール,,,,0,2,3,31,1,46,49,46,49,0,0,0,1
3,梅田芸術劇場メインホール,,,,0,2,3,32,1,46,50,46,50,0,0,0,1
3,梅田芸術劇場メインホール,,,,0,2,3,33,1,46,51,46,51,0,0,0,1
3,梅田芸術劇場メインホール,,,,0,2,3,34,1,46,52,46,52,0,0,0,1
3,梅田芸術劇場メインホール,,,,0,2,3,35,1,46,53,46,53,0,0,0,1
3,梅田芸術劇場メインホール,,,,0,2,3,36,1,46,54,46,54,0,0,0,1
3,梅田芸術劇場メインホール,,,,0,2,3,37,1,46,55,46,55,0,0,0,1
3,梅田芸術劇場メインホール,,,,0,2,3,38,1,46,57,46,57,0,0,0,1
3,梅田芸術劇場メインホール,,,,0,2,3,39,1,46,58,46,58,0,0,0,1
3,梅田芸術劇場メインホール,,,,0,2,3,40,1,46,59,46,59,0,0,0,1
3,梅田芸術劇場メインホール,,,,0,2,3,41,1,46,60,46,60,0,0,0,1
3,梅田芸術劇場メインホール,,,,0,2,3,42,1,46,61,46,61,0,0,0,1
3,梅田芸術劇場メインホール,,,,0,2,3,43,1,46,62,46,62,0,0,0,1
3,梅田芸術劇場メインホール,,,,0,2,3,44,1,46,63,46,63,0,0,0,1
3,梅田芸術劇場メインホール,,,,0,2,3,45,1,46,64,46,64,0,0,0,1
3,梅田芸術劇場メインホール,,,,0,2,3,46,1,46,67,46,67,0,0,0,1
3,梅田芸術劇場メインホール,,,,0,2,3,47,1,46,68,46,68,0,0,0,1
3,梅田芸術劇場メインホール,,,,0,2,3,48,1,46,69,46,69,0,0,0,1
3,梅田芸術劇場メインホール,,,,0,2,3,49,1,46,70,46,70,0,0,0,1
3,梅田芸術劇場メインホール,,,,0,2,3,50,1,46,71,46,71,0,0,0,1
3,梅田芸術劇場メインホール,,,,0,2,3,51,1,46,72,46,72,0,0,0,1
3,梅田芸術劇場メインホール,,,,0,2,3,52,1,46,73,46,73,0,0,0,1
3,梅田芸術劇場メインホール,,,,0,2,3,53,1,46,74,46,74,0,0,0,1
3,梅田芸術劇場メインホール,,,,0,2,3,54,1,46,75,46,75,0,0,0,1
3,梅田芸術劇場メインホール,,,,0,2,3,55,1,46,76,46,76,0,0,0,1
3,梅田芸術劇場メインホール,,,,0,2,4,3,1,47,13,47,13,0,0,0,1
3,梅田芸術劇場メインホール,,,,0,2,4,4,1,47,14,47,14,0,0,0,1
3,梅田芸術劇場メインホール,,,,0,2,4,5,1,47,15,47,15,0,0,0,1
3,梅田芸術劇場メインホール,,,,0,2,4,6,1,47,21,47,21,0,0,0,1
3,梅田芸術劇場メインホール,,,,0,2,4,7,1,47,22,47,22,0,0,0,1
3,梅田芸術劇場メインホール,,,,0,2,4,8,1,47,23,47,23,0,0,0,1
3,梅田芸術劇場メインホール,,,,0,2,4,9,1,47,24,47,24,0,0,0,1
3,梅田芸術劇場メインホール,,,,0,2,4,10,1,47,25,47,25,0,0,0,1
3,梅田芸術劇場メインホール,,,,0,2,4,11,1,47,26,47,26,0,0,0,1
3,梅田芸術劇場メインホール,,,,0,2,4,12,1,47,27,47,27,0,0,0,1
3,梅田芸術劇場メインホール,,,,0,2,4,13,1,47,28,47,28,0,0,0,1
3,梅田芸術劇場メインホール,,,,0,2,4,14,1,47,29,47,29,0,0,0,1
3,梅田芸術劇場メインホール,,,,0,2,4,15,1,47,30,47,30,0,0,0,1
3,梅田芸術劇場メインホール,,,,0,2,4,16,1,47,31,47,31,0,0,0,1
3,梅田芸術劇場メインホール,,,,0,2,4,17,1,47,34,47,34,0,0,0,1
3,梅田芸術劇場メインホール,,,,0,2,4,18,1,47,35,47,35,0,0,0,1
3,梅田芸術劇場メインホール,,,,0,2,4,19,1,47,36,47,36,0,0,0,1
3,梅田芸術劇場メインホール,,,,0,2,4,20,1,47,37,47,37,0,0,0,1
3,梅田芸術劇場メインホール,,,,0,2,4,21,1,47,38,47,38,0,0,0,1
3,梅田芸術劇場メインホール,,,,0,2,4,22,1,47,39,47,39,0,0,0,1
3,梅田芸術劇場メインホール,,,,0,2,4,23,1,47,40,47,40,0,0,0,1
3,梅田芸術劇場メインホール,,,,0,2,4,24,1,47,41,47,41,0,0,0,1
3,梅田芸術劇場メインホール,,,,0,2,4,25,1,47,42,47,42,0,0,0,1
3,梅田芸術劇場メインホール,,,,0,2,4,26,1,47,44,47,44,0,0,0,1
3,梅田芸術劇場メインホール,,,,0,2,4,27,1,47,45,47,45,0,0,0,1
3,梅田芸術劇場メインホール,,,,0,2,4,28,1,47,46,47,46,0,0,0,1
3,梅田芸術劇場メインホール,,,,0,2,4,29,1,47,47,47,47,0,0,0,1
3,梅田芸術劇場メインホール,,,,0,2,4,30,1,47,48,47,48,0,0,0,1
3,梅田芸術劇場メインホール,,,,0,2,4,31,1,47,49,47,49,0,0,0,1
3,梅田芸術劇場メインホール,,,,0,2,4,32,1,47,50,47,50,0,0,0,1
3,梅田芸術劇場メインホール,,,,0,2,4,33,1,47,51,47,51,0,0,0,1
3,梅田芸術劇場メインホール,,,,0,2,4,34,1,47,52,47,52,0,0,0,1
3,梅田芸術劇場メインホール,,,,0,2,4,35,1,47,53,47,53,0,0,0,1
3,梅田芸術劇場メインホール,,,,0,2,4,36,1,47,54,47,54,0,0,0,1
3,梅田芸術劇場メインホール,,,,0,2,4,37,1,47,55,47,55,0,0,0,1
3,梅田芸術劇場メインホール,,,,0,2,4,38,1,47,57,47,57,0,0,0,1
3,梅田芸術劇場メインホール,,,,0,2,4,39,1,47,58,47,58,0,0,0,1
3,梅田芸術劇場メインホール,,,,0,2,4,40,1,47,59,47,59,0,0,0,1
3,梅田芸術劇場メインホール,,,,0,2,4,41,1,47,60,47,60,0,0,0,1
3,梅田芸術劇場メインホール,,,,0,2,4,42,1,47,61,47,61,0,0,0,1
3,梅田芸術劇場メインホール,,,,0,2,4,43,1,47,62,47,62,0,0,0,1
3,梅田芸術劇場メインホール,,,,0,2,4,44,1,47,63,47,63,0,0,0,1
3,梅田芸術劇場メインホール,,,,0,2,4,45,1,47,64,47,64,0,0,0,1
3,梅田芸術劇場メインホール,,,,0,2,4,46,1,47,65,47,65,0,0,0,1
3,梅田芸術劇場メインホール,,,,0,2,4,47,1,47,68,47,68,0,0,0,1
3,梅田芸術劇場メインホール,,,,0,2,4,48,1,47,69,47,69,0,0,0,1
3,梅田芸術劇場メインホール,,,,0,2,4,49,1,47,70,47,70,0,0,0,1
3,梅田芸術劇場メインホール,,,,0,2,4,50,1,47,71,47,71,0,0,0,1
3,梅田芸術劇場メインホール,,,,0,2,4,51,1,47,72,47,72,0,0,0,1
3,梅田芸術劇場メインホール,,,,0,2,4,52,1,47,73,47,73,0,0,0,1
3,梅田芸術劇場メインホール,,,,0,2,4,53,1,47,74,47,74,0,0,0,1
3,梅田芸術劇場メインホール,,,,0,2,4,54,1,47,75,47,75,0,0,0,1
3,梅田芸術劇場メインホール,,,,0,2,4,55,1,47,76,47,76,0,0,0,1
3,梅田芸術劇場メインホール,,,,0,2,4,56,1,47,77,47,77,0,0,0,1
3,梅田芸術劇場メインホール,,,,0,2,4,57,1,47,78,47,78,0,0,0,1
3,梅田芸術劇場メインホール,,,,0,2,5,4,1,50,19,50,19,0,0,0,1
3,梅田芸術劇場メインホール,,,,0,2,5,5,1,50,20,50,20,0,0,0,1
3,梅田芸術劇場メインホール,,,,0,2,5,6,1,50,21,50,21,0,0,0,1
3,梅田芸術劇場メインホール,,,,0,2,5,7,1,50,22,50,22,0,0,0,1
3,梅田芸術劇場メインホール,,,,0,2,5,8,1,50,23,50,23,0,0,0,1
3,梅田芸術劇場メインホール,,,,0,2,5,9,1,50,24,50,24,0,0,0,1
3,梅田芸術劇場メインホール,,,,0,2,5,10,1,50,25,50,25,0,0,0,1
3,梅田芸術劇場メインホール,,,,0,2,5,11,1,50,26,50,26,0,0,0,1
3,梅田芸術劇場メインホール,,,,0,2,5,12,1,50,27,50,27,0,0,0,1
3,梅田芸術劇場メインホール,,,,0,2,5,13,1,50,28,50,28,0,0,0,1
3,梅田芸術劇場メインホール,,,,0,2,5,14,1,50,29,50,29,0,0,0,1
3,梅田芸術劇場メインホール,,,,0,2,5,15,1,50,30,50,30,0,0,0,1
3,梅田芸術劇場メインホール,,,,0,2,5,16,1,50,33,50,33,0,0,0,1
3,梅田芸術劇場メインホール,,,,0,2,5,17,1,50,34,50,34,0,0,0,1
3,梅田芸術劇場メインホール,,,,0,2,5,18,1,50,35,50,35,0,0,0,1
3,梅田芸術劇場メインホール,,,,0,2,5,19,1,50,36,50,36,0,0,0,1
3,梅田芸術劇場メインホール,,,,0,2,5,20,1,50,37,50,37,0,0,0,1
3,梅田芸術劇場メインホール,,,,0,2,5,21,1,50,38,50,38,0,0,0,1
3,梅田芸術劇場メインホール,,,,0,2,5,22,1,50,39,50,39,0,0,0,1
3,梅田芸術劇場メインホール,,,,0,2,5,23,1,50,40,50,40,0,0,0,1
3,梅田芸術劇場メインホール,,,,0,2,5,24,1,50,41,50,41,0,0,0,1
3,梅田芸術劇場メインホール,,,,0,2,5,25,1,50,42,50,42,0,0,0,1
3,梅田芸術劇場メインホール,,,,0,2,5,26,1,50,44,50,44,0,0,0,1
3,梅田芸術劇場メインホール,,,,0,2,5,27,1,50,45,50,45,0,0,0,1
3,梅田芸術劇場メインホール,,,,0,2,5,28,1,50,46,50,46,0,0,0,1
3,梅田芸術劇場メインホール,,,,0,2,5,29,1,50,47,50,47,0,0,0,1
3,梅田芸術劇場メインホール,,,,0,2,5,30,1,50,48,50,48,0,0,0,1
3,梅田芸術劇場メインホール,,,,0,2,5,31,1,50,49,50,49,0,0,0,1
3,梅田芸術劇場メインホール,,,,0,2,5,32,1,50,50,50,50,0,0,0,1
3,梅田芸術劇場メインホール,,,,0,2,5,33,1,50,51,50,51,0,0,0,1
3,梅田芸術劇場メインホール,,,,0,2,5,34,1,50,52,50,52,0,0,0,1
3,梅田芸術劇場メインホール,,,,0,2,5,35,1,50,53,50,53,0,0,0,1
3,梅田芸術劇場メインホール,,,,0,2,5,36,1,50,54,50,54,0,0,0,1
3,梅田芸術劇場メインホール,,,,0,2,5,37,1,50,55,50,55,0,0,0,1
3,梅田芸術劇場メインホール,,,,0,2,5,38,1,50,57,50,57,0,0,0,1
3,梅田芸術劇場メインホール,,,,0,2,5,39,1,50,58,50,58,0,0,0,1
3,梅田芸術劇場メインホール,,,,0,2,5,40,1,50,59,50,59,0,0,0,1
3,梅田芸術劇場メインホール,,,,0,2,5,41,1,50,60,50,60,0,0,0,1
3,梅田芸術劇場メインホール,,,,0,2,5,42,1,50,61,50,61,0,0,0,1
3,梅田芸術劇場メインホール,,,,0,2,5,43,1,50,62,50,62,0,0,0,1
3,梅田芸術劇場メインホール,,,,0,2,5,44,1,50,63,50,63,0,0,0,1
3,梅田芸術劇場メインホール,,,,0,2,5,45,1,50,64,50,64,0,0,0,1
3,梅田芸術劇場メインホール,,,,0,2,5,46,1,50,65,50,65,0,0,0,1
3,梅田芸術劇場メインホール,,,,0,2,5,47,1,50,66,50,66,0,0,0,1
3,梅田芸術劇場メインホール,,,,0,2,5,48,1,50,69,50,69,0,0,0,1
3,梅田芸術劇場メインホール,,,,0,2,5,49,1,50,70,50,70,0,0,0,1
3,梅田芸術劇場メインホール,,,,0,2,5,50,1,50,71,50,71,0,0,0,1
3,梅田芸術劇場メインホール,,,,0,2,5,51,1,50,72,50,72,0,0,0,1
3,梅田芸術劇場メインホール,,,,0,2,5,52,1,50,73,50,73,0,0,0,1
3,梅田芸術劇場メインホール,,,,0,2,5,53,1,50,74,50,74,0,0,0,1
3,梅田芸術劇場メインホール,,,,0,2,5,54,1,50,75,50,75,0,0,0,1
3,梅田芸術劇場メインホール,,,,0,2,5,55,1,50,76,50,76,0,0,0,1
3,梅田芸術劇場メインホール,,,,0,2,5,56,1,50,77,50,77,0,0,0,1
3,梅田芸術劇場メインホール,,,,0,2,5,57,1,50,78,50,78,0,0,0,1
3,梅田芸術劇場メインホール,,,,0,2,5,58,1,50,79,50,79,0,0,0,1
3,梅田芸術劇場メインホール,,,,0,2,6,3,1,51,18,51,18,0,0,0,1
3,梅田芸術劇場メインホール,,,,0,2,6,4,1,51,19,51,19,0,0,0,1
3,梅田芸術劇場メインホール,,,,0,2,6,5,1,51,20,51,20,0,0,0,1
3,梅田芸術劇場メインホール,,,,0,2,6,6,1,51,21,51,21,0,0,0,1
3,梅田芸術劇場メインホール,,,,0,2,6,7,1,51,22,51,22,0,0,0,1
3,梅田芸術劇場メインホール,,,,0,2,6,8,1,51,23,51,23,0,0,0,1
3,梅田芸術劇場メインホール,,,,0,2,6,9,1,51,24,51,24,0,0,0,1
3,梅田芸術劇場メインホール,,,,0,2,6,10,1,51,25,51,25,0,0,0,1
3,梅田芸術劇場メインホール,,,,0,2,6,11,1,51,26,51,26,0,0,0,1
3,梅田芸術劇場メインホール,,,,0,2,6,12,1,51,27,51,27,0,0,0,1
3,梅田芸術劇場メインホール,,,,0,2,6,13,1,51,28,51,28,0,0,0,1
3,梅田芸術劇場メインホール,,,,0,2,6,14,1,51,29,51,29,0,0,0,1
3,梅田芸術劇場メインホール,,,,0,2,6,15,1,51,32,51,32,0,0,0,1
3,梅田芸術劇場メインホール,,,,0,2,6,16,1,51,33,51,33,0,0,0,1
3,梅田芸術劇場メインホール,,,,0,2,6,17,1,51,34,51,34,0,0,0,1
3,梅田芸術劇場メインホール,,,,0,2,6,18,1,51,35,51,35,0,0,0,1
3,梅田芸術劇場メインホール,,,,0,2,6,19,1,51,36,51,36,0,0,0,1
3,梅田芸術劇場メインホール,,,,0,2,6,20,1,51,37,51,37,0,0,0,1
3,梅田芸術劇場メインホール,,,,0,2,6,21,1,51,38,51,38,0,0,0,1
3,梅田芸術劇場メインホール,,,,0,2,6,22,1,51,39,51,39,0,0,0,1
3,梅田芸術劇場メインホール,,,,0,2,6,23,1,51,40,51,40,0,0,0,1
3,梅田芸術劇場メインホール,,,,0,2,6,24,1,51,41,51,41,0,0,0,1
3,梅田芸術劇場メインホール,,,,0,2,6,25,1,51,42,51,42,0,0,0,1
3,梅田芸術劇場メインホール,,,,0,2,6,26,1,51,44,51,44,0,0,0,1
3,梅田芸術劇場メインホール,,,,0,2,6,27,1,51,45,51,45,0,0,0,1
3,梅田芸術劇場メインホール,,,,0,2,6,28,1,51,46,51,46,0,0,0,1
3,梅田芸術劇場メインホール,,,,0,2,6,29,1,51,47,51,47,0,0,0,1
3,梅田芸術劇場メインホール,,,,0,2,6,30,1,51,48,51,48,0,0,0,1
3,梅田芸術劇場メインホール,,,,0,2,6,31,1,51,49,51,49,0,0,0,1
3,梅田芸術劇場メインホール,,,,0,2,6,32,1,51,50,51,50,0,0,0,1
3,梅田芸術劇場メインホール,,,,0,2,6,33,1,51,51,51,51,0,0,0,1
3,梅田芸術劇場メインホール,,,,0,2,6,34,1,51,52,51,52,0,0,0,1
3,梅田芸術劇場メインホール,,,,0,2,6,35,1,51,53,51,53,0,0,0,1
3,梅田芸術劇場メインホール,,,,0,2,6,36,1,51,54,51,54,0,0,0,1
3,梅田芸術劇場メインホール,,,,0,2,6,37,1,51,55,51,55,0,0,0,1
3,梅田芸術劇場メインホール,,,,0,2,6,38,1,51,57,51,57,0,0,0,1
3,梅田芸術劇場メインホール,,,,0,2,6,39,1,51,58,51,58,0,0,0,1
3,梅田芸術劇場メインホール,,,,0,2,6,40,1,51,59,51,59,0,0,0,1
3,梅田芸術劇場メインホール,,,,0,2,6,41,1,51,60,51,60,0,0,0,1
3,梅田芸術劇場メインホール,,,,0,2,6,42,1,51,61,51,61,0,0,0,1
3,梅田芸術劇場メインホール,,,,0,2,6,43,1,51,62,51,62,0,0,0,1
3,梅田芸術劇場メインホール,,,,0,2,6,44,1,51,63,51,63,0,0,0,1
3,梅田芸術劇場メインホール,,,,0,2,6,45,1,51,64,51,64,0,0,0,1
3,梅田芸術劇場メインホール,,,,0,2,6,46,1,51,65,51,65,0,0,0,1
3,梅田芸術劇場メインホール,,,,0,2,6,47,1,51,66,51,66,0,0,0,1
3,梅田芸術劇場メインホール,,,,0,2,6,48,1,51,67,51,67,0,0,0,1
3,梅田芸術劇場メインホール,,,,0,2,6,49,1,51,70,51,70,0,0,0,1
3,梅田芸術劇場メインホール,,,,0,2,6,50,1,51,71,51,71,0,0,0,1
3,梅田芸術劇場メインホール,,,,0,2,6,51,1,51,72,51,72,0,0,0,1
3,梅田芸術劇場メインホール,,,,0,2,6,52,1,51,73,51,73,0,0,0,1
3,梅田芸術劇場メインホール,,,,0,2,6,53,1,51,74,51,74,0,0,0,1
3,梅田芸術劇場メインホール,,,,0,2,6,54,1,51,75,51,75,0,0,0,1
3,梅田芸術劇場メインホール,,,,0,2,6,55,1,51,76,51,76,0,0,0,1
3,梅田芸術劇場メインホール,,,,0,2,6,56,1,51,77,51,77,0,0,0,1
3,梅田芸術劇場メインホール,,,,0,2,6,57,1,51,78,51,78,0,0,0,1
3,梅田芸術劇場メインホール,,,,0,2,6,58,1,51,79,51,79,0,0,0,1
3,梅田芸術劇場メインホール,,,,0,2,7,2,1,52,17,52,17,0,0,0,1
3,梅田芸術劇場メインホール,,,,0,2,7,3,1,52,18,52,18,0,0,0,1
3,梅田芸術劇場メインホール,,,,0,2,7,4,1,52,19,52,19,0,0,0,1
3,梅田芸術劇場メインホール,,,,0,2,7,5,1,52,20,52,20,0,0,0,1
3,梅田芸術劇場メインホール,,,,0,2,7,6,1,52,21,52,21,0,0,0,1
3,梅田芸術劇場メインホール,,,,0,2,7,7,1,52,22,52,22,0,0,0,1
3,梅田芸術劇場メインホール,,,,0,2,7,8,1,52,23,52,23,0,0,0,1
3,梅田芸術劇場メインホール,,,,0,2,7,9,1,52,24,52,24,0,0,0,1
3,梅田芸術劇場メインホール,,,,0,2,7,10,1,52,25,52,25,0,0,0,1
3,梅田芸術劇場メインホール,,,,0,2,7,11,1,52,26,52,26,0,0,0,1
3,梅田芸術劇場メインホール,,,,0,2,7,12,1,52,27,52,27,0,0,0,1
3,梅田芸術劇場メインホール,,,,0,2,7,13,1,52,28,52,28,0,0,0,1
3,梅田芸術劇場メインホール,,,,0,2,7,14,1,52,31,52,31,0,0,0,1
3,梅田芸術劇場メインホール,,,,0,2,7,15,1,52,32,52,32,0,0,0,1
3,梅田芸術劇場メインホール,,,,0,2,7,16,1,52,33,52,33,0,0,0,1
3,梅田芸術劇場メインホール,,,,0,2,7,17,1,52,34,52,34,0,0,0,1
3,梅田芸術劇場メインホール,,,,0,2,7,18,1,52,35,52,35,0,0,0,1
3,梅田芸術劇場メインホール,,,,0,2,7,19,1,52,36,52,36,0,0,0,1
3,梅田芸術劇場メインホール,,,,0,2,7,20,1,52,37,52,37,0,0,0,1
3,梅田芸術劇場メインホール,,,,0,2,7,21,1,52,38,52,38,0,0,0,1
3,梅田芸術劇場メインホール,,,,0,2,7,22,1,52,39,52,39,0,0,0,1
3,梅田芸術劇場メインホール,,,,0,2,7,23,1,52,40,52,40,0,0,0,1
3,梅田芸術劇場メインホール,,,,0,2,7,24,1,52,41,52,41,0,0,0,1
3,梅田芸術劇場メインホール,,,,0,2,7,25,1,52,42,52,42,0,0,0,1
3,梅田芸術劇場メインホール,,,,0,2,7,26,1,52,44,52,44,0,0,0,1
3,梅田芸術劇場メインホール,,,,0,2,7,27,1,52,45,52,45,0,0,0,1
3,梅田芸術劇場メインホール,,,,0,2,7,28,1,52,46,52,46,0,0,0,1
3,梅田芸術劇場メインホール,,,,0,2,7,29,1,52,47,52,47,0,0,0,1
3,梅田芸術劇場メインホール,,,,0,2,7,30,1,52,48,52,48,0,0,0,1
3,梅田芸術劇場メインホール,,,,0,2,7,31,1,52,49,52,49,0,0,0,1
3,梅田芸術劇場メインホール,,,,0,2,7,32,1,52,50,52,50,0,0,0,1
3,梅田芸術劇場メインホール,,,,0,2,7,33,1,52,51,52,51,0,0,0,1
3,梅田芸術劇場メインホール,,,,0,2,7,34,1,52,52,52,52,0,0,0,1
3,梅田芸術劇場メインホール,,,,0,2,7,35,1,52,53,52,53,0,0,0,1
3,梅田芸術劇場メインホール,,,,0,2,7,36,1,52,54,52,54,0,0,0,1
3,梅田芸術劇場メインホール,,,,0,2,7,37,1,52,55,52,55,0,0,0,1
3,梅田芸術劇場メインホール,,,,0,2,7,38,1,52,57,52,57,0,0,0,1
3,梅田芸術劇場メインホール,,,,0,2,7,39,1,52,58,52,58,0,0,0,1
3,梅田芸術劇場メインホール,,,,0,2,7,40,1,52,59,52,59,0,0,0,1
3,梅田芸術劇場メインホール,,,,0,2,7,41,1,52,60,52,60,0,0,0,1
3,梅田芸術劇場メインホール,,,,0,2,7,42,1,52,61,52,61,0,0,0,1
3,梅田芸術劇場メインホール,,,,0,2,7,43,1,52,62,52,62,0,0,0,1
3,梅田芸術劇場メインホール,,,,0,2,7,44,1,52,63,52,63,0,0,0,1
3,梅田芸術劇場メインホール,,,,0,2,7,45,1,52,64,52,64,0,0,0,1
3,梅田芸術劇場メインホール,,,,0,2,7,46,1,52,65,52,65,0,0,0,1
3,梅田芸術劇場メインホール,,,,0,2,7,47,1,52,66,52,66,0,0,0,1
3,梅田芸術劇場メインホール,,,,0,2,7,48,1,52,67,52,67,0,0,0,1
3,梅田芸術劇場メインホール,,,,0,2,7,49,1,52,68,52,68,0,0,0,1
3,梅田芸術劇場メインホール,,,,0,3,LB,3,1,59,3,59,3,0,0,0,1
3,梅田芸術劇場メインホール,,,,0,3,LB,4,1,59,4,59,4,0,0,0,1
3,梅田芸術劇場メインホール,,,,0,3,LB,5,1,59,5,59,5,0,0,0,1
3,梅田芸術劇場メインホール,,,,0,3,LB,6,1,59,6,59,6,0,0,0,1
3,梅田芸術劇場メインホール,,,,0,1,X,26,2,27,4,27,84,0,0,0,1
3,梅田芸術劇場メインホール,,,,0,1,X,27,2,27,5,27,85,0,0,0,1
3,梅田芸術劇場メインホール,,,,0,1,X,28,2,27,6,27,86,0,0,0,1
3,梅田芸術劇場メインホール,,,,0,1,X,29,2,27,7,27,87,0,0,0,1
3,梅田芸術劇場メインホール,,,,0,1,X,30,2,27,8,27,88,0,0,0,1
3,梅田芸術劇場メインホール,,,,0,1,X,31,2,27,9,27,89,0,0,0,1
3,梅田芸術劇場メインホール,,,,0,1,X,32,2,27,10,27,90,0,0,0,1
3,梅田芸術劇場メインホール,,,,0,1,X,33,2,27,11,27,91,0,0,0,1
3,梅田芸術劇場メインホール,,,,0,1,X,34,2,27,12,27,92,0,0,0,1
3,梅田芸術劇場メインホール,,,,0,1,X,35,2,27,13,27,93,0,0,0,1
3,梅田芸術劇場メインホール,,,,0,1,X,36,2,27,14,27,94,0,0,0,1
3,梅田芸術劇場メインホール,,,,0,1,X,37,2,27,15,27,95,0,0,0,1
3,梅田芸術劇場メインホール,,,,0,2,RB,1,2,42,12,42,92,0,0,0,1
3,梅田芸術劇場メインホール,,,,0,2,RB,2,2,42,13,42,93,0,0,0,1
3,梅田芸術劇場メインホール,,,,0,2,RB,3,2,42,14,42,94,0,0,0,1
3,梅田芸術劇場メインホール,,,,0,2,RB,4,2,42,15,42,95,0,0,0,1
3,梅田芸術劇場メインホール,,,,0,2,RB,5,2,42,16,42,96,0,0,0,1
3,梅田芸術劇場メインホール,,,,0,2,RB,6,2,42,17,42,97,0,0,0,1
3,梅田芸術劇場メインホール,,,,0,2,1,54,2,44,0,44,80,0,0,0,1
3,梅田芸術劇場メインホール,,,,0,2,1,55,2,44,1,44,81,0,0,0,1
3,梅田芸術劇場メインホール,,,,0,2,1,56,2,44,2,44,82,0,0,0,1
3,梅田芸術劇場メインホール,,,,0,2,1,57,2,44,3,44,83,0,0,0,1
3,梅田芸術劇場メインホール,,,,0,2,1,58,2,44,4,44,84,0,0,0,1
3,梅田芸術劇場メインホール,,,,0,2,1,59,2,44,5,44,85,0,0,0,1
3,梅田芸術劇場メインホール,,,,0,2,1,60,2,44,6,44,86,0,0,0,1
3,梅田芸術劇場メインホール,,,,0,2,1,61,2,44,7,44,87,0,0,0,1
3,梅田芸術劇場メインホール,,,,0,2,2,55,2,45,1,45,81,0,0,0,1
3,梅田芸術劇場メインホール,,,,0,2,2,56,2,45,2,45,82,0,0,0,1
3,梅田芸術劇場メインホール,,,,0,2,2,57,2,45,3,45,83,0,0,0,1
3,梅田芸術劇場メインホール,,,,0,2,2,58,2,45,4,45,84,0,0,0,1
3,梅田芸術劇場メインホール,,,,0,2,2,59,2,45,5,45,85,0,0,0,1
3,梅田芸術劇場メインホール,,,,0,2,2,60,2,45,6,45,86,0,0,0,1
3,梅田芸術劇場メインホール,,,,0,2,2,61,2,45,7,45,87,0,0,0,1
3,梅田芸術劇場メインホール,,,,0,2,2,62,2,45,8,45,88,0,0,0,1
3,梅田芸術劇場メインホール,,,,0,2,RB,7,2,45,12,45,92,0,0,0,1
3,梅田芸術劇場メインホール,,,,0,2,RB,8,2,45,13,45,93,0,0,0,1
3,梅田芸術劇場メインホール,,,,0,2,RB,9,2,45,14,45,94,0,0,0,1
3,梅田芸術劇場メインホール,,,,0,2,RB,10,2,45,15,45,95,0,0,0,1
3,梅田芸術劇場メインホール,,,,0,2,3,56,2,46,2,46,82,0,0,0,1
3,梅田芸術劇場メインホール,,,,0,2,3,57,2,46,3,46,83,0,0,0,1
3,梅田芸術劇場メインホール,,,,0,2,3,58,2,46,4,46,84,0,0,0,1
3,梅田芸術劇場メインホール,,,,0,2,3,59,2,46,5,46,85,0,0,0,1
3,梅田芸術劇場メインホール,,,,0,2,3,60,2,46,6,46,86,0,0,0,1
3,梅田芸術劇場メインホール,,,,0,2,4,58,2,47,4,47,84,0,0,0,1
3,梅田芸術劇場メインホール,,,,0,2,4,59,2,47,5,47,85,0,0,0,1
3,梅田芸術劇場メインホール,,,,0,2,4,60,2,47,6,47,86,0,0,0,1
3,梅田芸術劇場メインホール,,,,0,2,5,59,2,50,0,50,80,0,0,0,1
3,梅田芸術劇場メインホール,,,,0,2,6,59,2,51,0,51,80,0,0,0,1
3,梅田芸術劇場メインホール,,,,0,2,6,60,2,51,1,51,81,0,0,0,1
3,梅田芸術劇場メインホール,,,,0,3,RB,3,2,59,13,59,93,0,0,0,1
3,梅田芸術劇場メインホール,,,,0,3,RB,4,2,59,14,59,94,0,0,0,1
3,梅田芸術劇場メインホール,,,,0,3,RB,5,2,59,15,59,95,0,0,0,1
3,梅田芸術劇場メインホール,,,,0,3,RB,6,2,59,16,59,96,0,0,0,1
3,梅田芸術劇場メインホール,,,,0,3,LB,7,11,2,4,62,4,0,0,0,1
3,梅田芸術劇場メインホール,,,,0,3,LB,8,11,2,5,62,5,0,0,0,1
3,梅田芸術劇場メインホール,,,,0,3,LB,9,11,2,6,62,6,0,0,0,1
3,梅田芸術劇場メインホール,,,,0,3,1,3,11,2,15,62,15,0,0,0,1
3,梅田芸術劇場メインホール,,,,0,3,1,4,11,2,16,62,16,0,0,0,1
3,梅田芸術劇場メインホール,,,,0,3,1,5,11,2,17,62,17,0,0,0,1
3,梅田芸術劇場メインホール,,,,0,3,1,6,11,2,18,62,18,0,0,0,1
3,梅田芸術劇場メインホール,,,,0,3,1,7,11,2,19,62,19,0,0,0,1
3,梅田芸術劇場メインホール,,,,0,3,1,8,11,2,20,62,20,0,0,0,1
3,梅田芸術劇場メインホール,,,,0,3,1,9,11,2,21,62,21,0,0,0,1
3,梅田芸術劇場メインホール,,,,0,3,1,10,11,2,22,62,22,0,0,0,1
3,梅田芸術劇場メインホール,,,,0,3,1,11,11,2,26,62,26,0,0,0,1
3,梅田芸術劇場メインホール,,,,0,3,1,12,11,2,27,62,27,0,0,0,1
3,梅田芸術劇場メインホール,,,,0,3,1,13,11,2,28,62,28,0,0,0,1
3,梅田芸術劇場メインホール,,,,0,3,1,14,11,2,29,62,29,0,0,0,1
3,梅田芸術劇場メインホール,,,,0,3,1,15,11,2,30,62,30,0,0,0,1
3,梅田芸術劇場メインホール,,,,0,3,1,16,11,2,31,62,31,0,0,0,1
3,梅田芸術劇場メインホール,,,,0,3,1,17,11,2,32,62,32,0,0,0,1
3,梅田芸術劇場メインホール,,,,0,3,1,18,11,2,33,62,33,0,0,0,1
3,梅田芸術劇場メインホール,,,,0,3,1,19,11,2,36,62,36,0,0,0,1
3,梅田芸術劇場メインホール,,,,0,3,1,20,11,2,37,62,37,0,0,0,1
3,梅田芸術劇場メインホール,,,,0,3,1,21,11,2,38,62,38,0,0,0,1
3,梅田芸術劇場メインホール,,,,0,3,1,22,11,2,39,62,39,0,0,0,1
3,梅田芸術劇場メインホール,,,,0,3,1,23,11,2,40,62,40,0,0,0,1
3,梅田芸術劇場メインホール,,,,0,3,1,24,11,2,41,62,41,0,0,0,1
3,梅田芸術劇場メインホール,,,,0,3,1,25,11,2,42,62,42,0,0,0,1
3,梅田芸術劇場メインホール,,,,0,3,1,26,11,2,44,62,44,0,0,0,1
3,梅田芸術劇場メインホール,,,,0,3,1,27,11,2,45,62,45,0,0,0,1
3,梅田芸術劇場メインホール,,,,0,3,1,28,11,2,46,62,46,0,0,0,1
3,梅田芸術劇場メインホール,,,,0,3,1,29,11,2,47,62,47,0,0,0,1
3,梅田芸術劇場メインホール,,,,0,3,1,30,11,2,48,62,48,0,0,0,1
3,梅田芸術劇場メインホール,,,,0,3,1,31,11,2,49,62,49,0,0,0,1
3,梅田芸術劇場メインホール,,,,0,3,1,32,11,2,50,62,50,0,0,0,1
3,梅田芸術劇場メインホール,,,,0,3,1,33,11,2,51,62,51,0,0,0,1
3,梅田芸術劇場メインホール,,,,0,3,1,34,11,2,52,62,52,0,0,0,1
3,梅田芸術劇場メインホール,,,,0,3,1,35,11,2,53,62,53,0,0,0,1
3,梅田芸術劇場メインホール,,,,0,3,1,36,11,2,54,62,54,0,0,0,1
3,梅田芸術劇場メインホール,,,,0,3,1,37,11,2,55,62,55,0,0,0,1
3,梅田芸術劇場メインホール,,,,0,3,1,38,11,2,57,62,57,0,0,0,1
3,梅田芸術劇場メインホール,,,,0,3,1,39,11,2,58,62,58,0,0,0,1
3,梅田芸術劇場メインホール,,,,0,3,1,40,11,2,59,62,59,0,0,0,1
3,梅田芸術劇場メインホール,,,,0,3,1,41,11,2,60,62,60,0,0,0,1
3,梅田芸術劇場メインホール,,,,0,3,1,42,11,2,61,62,61,0,0,0,1
3,梅田芸術劇場メインホール,,,,0,3,1,43,11,2,62,62,62,0,0,0,1
3,梅田芸術劇場メインホール,,,,0,3,1,44,11,2,63,62,63,0,0,0,1
3,梅田芸術劇場メインホール,,,,0,3,1,45,11,2,66,62,66,0,0,0,1
3,梅田芸術劇場メインホール,,,,0,3,1,46,11,2,67,62,67,0,0,0,1
3,梅田芸術劇場メインホール,,,,0,3,1,47,11,2,68,62,68,0,0,0,1
3,梅田芸術劇場メインホール,,,,0,3,1,48,11,2,69,62,69,0,0,0,1
3,梅田芸術劇場メインホール,,,,0,3,1,49,11,2,70,62,70,0,0,0,1
3,梅田芸術劇場メインホール,,,,0,3,1,50,11,2,71,62,71,0,0,0,1
3,梅田芸術劇場メインホール,,,,0,3,1,51,11,2,72,62,72,0,0,0,1
3,梅田芸術劇場メインホール,,,,0,3,1,52,11,2,73,62,73,0,0,0,1
3,梅田芸術劇場メインホール,,,,0,3,1,53,11,2,77,62,77,0,0,0,1
3,梅田芸術劇場メインホール,,,,0,3,1,54,11,2,78,62,78,0,0,0,1
3,梅田芸術劇場メインホール,,,,0,3,1,55,11,2,79,62,79,0,0,0,1
3,梅田芸術劇場メインホール,,,,0,3,2,1,11,3,13,63,13,0,0,0,1
3,梅田芸術劇場メインホール,,,,0,3,2,2,11,3,14,63,14,0,0,0,1
3,梅田芸術劇場メインホール,,,,0,3,2,3,11,3,15,63,15,0,0,0,1
3,梅田芸術劇場メインホール,,,,0,3,2,4,11,3,16,63,16,0,0,0,1
3,梅田芸術劇場メインホール,,,,0,3,2,5,11,3,17,63,17,0,0,0,1
3,梅田芸術劇場メインホール,,,,0,3,2,6,11,3,18,63,18,0,0,0,1
3,梅田芸術劇場メインホール,,,,0,3,2,7,11,3,19,63,19,0,0,0,1
3,梅田芸術劇場メインホール,,,,0,3,2,8,11,3,20,63,20,0,0,0,1
3,梅田芸術劇場メインホール,,,,0,3,2,9,11,3,24,63,24,0,0,0,1
3,梅田芸術劇場メインホール,,,,0,3,2,10,11,3,25,63,25,0,0,0,1
3,梅田芸術劇場メインホール,,,,0,3,2,11,11,3,26,63,26,0,0,0,1
3,梅田芸術劇場メインホール,,,,0,3,2,12,11,3,27,63,27,0,0,0,1
3,梅田芸術劇場メインホール,,,,0,3,2,13,11,3,28,63,28,0,0,0,1
3,梅田芸術劇場メインホール,,,,0,3,2,14,11,3,29,63,29,0,0,0,1
3,梅田芸術劇場メインホール,,,,0,3,2,15,11,3,30,63,30,0,0,0,1
3,梅田芸術劇場メインホール,,,,0,3,2,16,11,3,31,63,31,0,0,0,1
3,梅田芸術劇場メインホール,,,,0,3,2,17,11,3,32,63,32,0,0,0,1
3,梅田芸術劇場メインホール,,,,0,3,2,18,11,3,35,63,35,0,0,0,1
3,梅田芸術劇場メインホール,,,,0,3,2,19,11,3,36,63,36,0,0,0,1
3,梅田芸術劇場メインホール,,,,0,3,2,20,11,3,37,63,37,0,0,0,1
3,梅田芸術劇場メインホール,,,,0,3,2,21,11,3,38,63,38,0,0,0,1
3,梅田芸術劇場メインホール,,,,0,3,2,22,11,3,39,63,39,0,0,0,1
3,梅田芸術劇場メインホール,,,,0,3,2,23,11,3,40,63,40,0,0,0,1
3,梅田芸術劇場メインホール,,,,0,3,2,24,11,3,41,63,41,0,0,0,1
3,梅田芸術劇場メインホール,,,,0,3,2,25,11,3,42,63,42,0,0,0,1
3,梅田芸術劇場メインホール,,,,0,3,2,26,11,3,44,63,44,0,0,0,1
3,梅田芸術劇場メインホール,,,,0,3,2,27,11,3,45,63,45,0,0,0,1
3,梅田芸術劇場メインホール,,,,0,3,2,28,11,3,46,63,46,0,0,0,1
3,梅田芸術劇場メインホール,,,,0,3,2,29,11,3,47,63,47,0,0,0,1
3,梅田芸術劇場メインホール,,,,0,3,2,30,11,3,48,63,48,0,0,0,1
3,梅田芸術劇場メインホール,,,,0,3,2,31,11,3,49,63,49,0,0,0,1
3,梅田芸術劇場メインホール,,,,0,3,2,32,11,3,50,63,50,0,0,0,1
3,梅田芸術劇場メインホール,,,,0,3,2,33,11,3,51,63,51,0,0,0,1
3,梅田芸術劇場メインホール,,,,0,3,2,34,11,3,52,63,52,0,0,0,1
3,梅田芸術劇場メインホール,,,,0,3,2,35,11,3,53,63,53,0,0,0,1
3,梅田芸術劇場メインホール,,,,0,3,2,36,11,3,54,63,54,0,0,0,1
3,梅田芸術劇場メインホール,,,,0,3,2,37,11,3,55,63,55,0,0,0,1
3,梅田芸術劇場メインホール,,,,0,3,2,38,11,3,57,63,57,0,0,0,1
3,梅田芸術劇場メインホール,,,,0,3,2,39,11,3,58,63,58,0,0,0,1
3,梅田芸術劇場メインホール,,,,0,3,2,40,11,3,59,63,59,0,0,0,1
3,梅田芸術劇場メインホール,,,,0,3,2,41,11,3,60,63,60,0,0,0,1
3,梅田芸術劇場メインホール,,,,0,3,2,42,11,3,61,63,61,0,0,0,1
3,梅田芸術劇場メインホール,,,,0,3,2,43,11,3,62,63,62,0,0,0,1
3,梅田芸術劇場メインホール,,,,0,3,2,44,11,3,63,63,63,0,0,0,1
3,梅田芸術劇場メインホール,,,,0,3,2,45,11,3,64,63,64,0,0,0,1
3,梅田芸術劇場メインホール,,,,0,3,2,46,11,3,67,63,67,0,0,0,1
3,梅田芸術劇場メインホール,,,,0,3,2,47,11,3,68,63,68,0,0,0,1
3,梅田芸術劇場メインホール,,,,0,3,2,48,11,3,69,63,69,0,0,0,1
3,梅田芸術劇場メインホール,,,,0,3,2,49,11,3,70,63,70,0,0,0,1
3,梅田芸術劇場メインホール,,,,0,3,2,50,11,3,71,63,71,0,0,0,1
3,梅田芸術劇場メインホール,,,,0,3,2,51,11,3,72,63,72,0,0,0,1
3,梅田芸術劇場メインホール,,,,0,3,2,52,11,3,73,63,73,0,0,0,1
3,梅田芸術劇場メインホール,,,,0,3,2,53,11,3,74,63,74,0,0,0,1
3,梅田芸術劇場メインホール,,,,0,3,2,54,11,3,75,63,75,0,0,0,1
3,梅田芸術劇場メインホール,,,,0,3,2,55,11,3,79,63,79,0,0,0,1
3,梅田芸術劇場メインホール,,,,0,3,3,3,11,4,15,64,15,0,0,0,1
3,梅田芸術劇場メインホール,,,,0,3,3,4,11,4,16,64,16,0,0,0,1
3,梅田芸術劇場メインホール,,,,0,3,3,5,11,4,17,64,17,0,0,0,1
3,梅田芸術劇場メインホール,,,,0,3,3,6,11,4,18,64,18,0,0,0,1
3,梅田芸術劇場メインホール,,,,0,3,3,7,11,4,19,64,19,0,0,0,1
3,梅田芸術劇場メインホール,,,,0,3,3,8,11,4,23,64,23,0,0,0,1
3,梅田芸術劇場メインホール,,,,0,3,3,9,11,4,24,64,24,0,0,0,1
3,梅田芸術劇場メインホール,,,,0,3,3,10,11,4,25,64,25,0,0,0,1
3,梅田芸術劇場メインホール,,,,0,3,3,11,11,4,26,64,26,0,0,0,1
3,梅田芸術劇場メインホール,,,,0,3,3,12,11,4,27,64,27,0,0,0,1
3,梅田芸術劇場メインホール,,,,0,3,3,13,11,4,28,64,28,0,0,0,1
3,梅田芸術劇場メインホール,,,,0,3,3,14,11,4,29,64,29,0,0,0,1
3,梅田芸術劇場メインホール,,,,0,3,3,15,11,4,30,64,30,0,0,0,1
3,梅田芸術劇場メインホール,,,,0,3,3,16,11,4,31,64,31,0,0,0,1
3,梅田芸術劇場メインホール,,,,0,3,3,17,11,4,32,64,32,0,0,0,1
3,梅田芸術劇場メインホール,,,,0,3,3,18,11,4,35,64,35,0,0,0,1
3,梅田芸術劇場メインホール,,,,0,3,3,19,11,4,36,64,36,0,0,0,1
3,梅田芸術劇場メインホール,,,,0,3,3,20,11,4,37,64,37,0,0,0,1
3,梅田芸術劇場メインホール,,,,0,3,3,21,11,4,38,64,38,0,0,0,1
3,梅田芸術劇場メインホール,,,,0,3,3,22,11,4,39,64,39,0,0,0,1
3,梅田芸術劇場メインホール,,,,0,3,3,23,11,4,40,64,40,0,0,0,1
3,梅田芸術劇場メインホール,,,,0,3,3,24,11,4,41,64,41,0,0,0,1
3,梅田芸術劇場メインホール,,,,0,3,3,25,11,4,42,64,42,0,0,0,1
3,梅田芸術劇場メインホール,,,,0,3,3,26,11,4,44,64,44,0,0,0,1
3,梅田芸術劇場メインホール,,,,0,3,3,27,11,4,45,64,45,0,0,0,1
3,梅田芸術劇場メインホール,,,,0,3,3,28,11,4,46,64,46,0,0,0,1
3,梅田芸術劇場メインホール,,,,0,3,3,29,11,4,47,64,47,0,0,0,1
3,梅田芸術劇場メインホール,,,,0,3,3,30,11,4,48,64,48,0,0,0,1
3,梅田芸術劇場メインホール,,,,0,3,3,31,11,4,49,64,49,0,0,0,1
3,梅田芸術劇場メインホール,,,,0,3,3,32,11,4,50,64,50,0,0,0,1
3,梅田芸術劇場メインホール,,,,0,3,3,33,11,4,51,64,51,0,0,0,1
3,梅田芸術劇場メインホール,,,,0,3,3,34,11,4,52,64,52,0,0,0,1
3,梅田芸術劇場メインホール,,,,0,3,3,35,11,4,53,64,53,0,0,0,1
3,梅田芸術劇場メインホール,,,,0,3,3,36,11,4,54,64,54,0,0,0,1
3,梅田芸術劇場メインホール,,,,0,3,3,37,11,4,55,64,55,0,0,0,1
3,梅田芸術劇場メインホール,,,,0,3,3,38,11,4,57,64,57,0,0,0,1
3,梅田芸術劇場メインホール,,,,0,3,3,39,11,4,58,64,58,0,0,0,1
3,梅田芸術劇場メインホール,,,,0,3,3,40,11,4,59,64,59,0,0,0,1
3,梅田芸術劇場メインホール,,,,0,3,3,41,11,4,60,64,60,0,0,0,1
3,梅田芸術劇場メインホール,,,,0,3,3,42,11,4,61,64,61,0,0,0,1
3,梅田芸術劇場メインホール,,,,0,3,3,43,11,4,62,64,62,0,0,0,1
3,梅田芸術劇場メインホール,,,,0,3,3,44,11,4,63,64,63,0,0,0,1
3,梅田芸術劇場メインホール,,,,0,3,3,45,11,4,64,64,64,0,0,0,1
3,梅田芸術劇場メインホール,,,,0,3,3,46,11,4,67,64,67,0,0,0,1
3,梅田芸術劇場メインホール,,,,0,3,3,47,11,4,68,64,68,0,0,0,1
3,梅田芸術劇場メインホール,,,,0,3,3,48,11,4,69,64,69,0,0,0,1
3,梅田芸術劇場メインホール,,,,0,3,3,49,11,4,70,64,70,0,0,0,1
3,梅田芸術劇場メインホール,,,,0,3,3,50,11,4,71,64,71,0,0,0,1
3,梅田芸術劇場メインホール,,,,0,3,3,51,11,4,72,64,72,0,0,0,1
3,梅田芸術劇場メインホール,,,,0,3,3,52,11,4,73,64,73,0,0,0,1
3,梅田芸術劇場メインホール,,,,0,3,3,53,11,4,74,64,74,0,0,0,1
3,梅田芸術劇場メインホール,,,,0,3,3,54,11,4,75,64,75,0,0,0,1
3,梅田芸術劇場メインホール,,,,0,3,3,55,11,4,76,64,76,0,0,0,1
3,梅田芸術劇場メインホール,,,,0,3,4,4,11,7,19,67,19,0,0,0,1
3,梅田芸術劇場メインホール,,,,0,3,4,5,11,7,20,67,20,0,0,0,1
3,梅田芸術劇場メインホール,,,,0,3,4,6,11,7,21,67,21,0,0,0,1
3,梅田芸術劇場メインホール,,,,0,3,4,7,11,7,22,67,22,0,0,0,1
3,梅田芸術劇場メインホール,,,,0,3,4,8,11,7,23,67,23,0,0,0,1
3,梅田芸術劇場メインホール,,,,0,3,4,9,11,7,24,67,24,0,0,0,1
3,梅田芸術劇場メインホール,,,,0,3,4,10,11,7,25,67,25,0,0,0,1
3,梅田芸術劇場メインホール,,,,0,3,4,11,11,7,26,67,26,0,0,0,1
3,梅田芸術劇場メインホール,,,,0,3,4,12,11,7,27,67,27,0,0,0,1
3,梅田芸術劇場メインホール,,,,0,3,4,13,11,7,28,67,28,0,0,0,1
3,梅田芸術劇場メインホール,,,,0,3,4,14,11,7,29,67,29,0,0,0,1
3,梅田芸術劇場メインホール,,,,0,3,4,15,11,7,30,67,30,0,0,0,1
3,梅田芸術劇場メインホール,,,,0,3,4,16,11,7,33,67,33,0,0,0,1
3,梅田芸術劇場メインホール,,,,0,3,4,17,11,7,34,67,34,0,0,0,1
3,梅田芸術劇場メインホール,,,,0,3,4,18,11,7,35,67,35,0,0,0,1
3,梅田芸術劇場メインホール,,,,0,3,4,19,11,7,36,67,36,0,0,0,1
3,梅田芸術劇場メインホール,,,,0,3,4,20,11,7,37,67,37,0,0,0,1
3,梅田芸術劇場メインホール,,,,0,3,4,21,11,7,38,67,38,0,0,0,1
3,梅田芸術劇場メインホール,,,,0,3,4,22,11,7,39,67,39,0,0,0,1
3,梅田芸術劇場メインホール,,,,0,3,4,23,11,7,40,67,40,0,0,0,1
3,梅田芸術劇場メインホール,,,,0,3,4,24,11,7,41,67,41,0,0,0,1
3,梅田芸術劇場メインホール,,,,0,3,4,25,11,7,42,67,42,0,0,0,1
3,梅田芸術劇場メインホール,,,,0,3,4,26,11,7,44,67,44,0,0,0,1
3,梅田芸術劇場メインホール,,,,0,3,4,27,11,7,45,67,45,0,0,0,1
3,梅田芸術劇場メインホール,,,,0,3,4,28,11,7,46,67,46,0,0,0,1
3,梅田芸術劇場メインホール,,,,0,3,4,29,11,7,47,67,47,0,0,0,1
3,梅田芸術劇場メインホール,,,,0,3,4,30,11,7,48,67,48,0,0,0,1
3,梅田芸術劇場メインホール,,,,0,3,4,31,11,7,49,67,49,0,0,0,1
3,梅田芸術劇場メインホール,,,,0,3,4,32,11,7,50,67,50,0,0,0,1
3,梅田芸術劇場メインホール,,,,0,3,4,33,11,7,51,67,51,0,0,0,1
3,梅田芸術劇場メインホール,,,,0,3,4,34,11,7,52,67,52,0,0,0,1
3,梅田芸術劇場メインホール,,,,0,3,4,35,11,7,53,67,53,0,0,0,1
3,梅田芸術劇場メインホール,,,,0,3,4,36,11,7,54,67,54,0,0,0,1
3,梅田芸術劇場メインホール,,,,0,3,4,37,11,7,55,67,55,0,0,0,1
3,梅田芸術劇場メインホール,,,,0,3,4,38,11,7,57,67,57,0,0,0,1
3,梅田芸術劇場メインホール,,,,0,3,4,39,11,7,58,67,58,0,0,0,1
3,梅田芸術劇場メインホール,,,,0,3,4,40,11,7,59,67,59,0,0,0,1
3,梅田芸術劇場メインホール,,,,0,3,4,41,11,7,60,67,60,0,0,0,1
3,梅田芸術劇場メインホール,,,,0,3,4,42,11,7,61,67,61,0,0,0,1
3,梅田芸術劇場メインホール,,,,0,3,4,50,11,7,70,67,70,0,0,0,1
3,梅田芸術劇場メインホール,,,,0,3,4,51,11,7,71,67,71,0,0,0,1
3,梅田芸術劇場メインホール,,,,0,3,4,52,11,7,72,67,72,0,0,0,1
3,梅田芸術劇場メインホール,,,,0,3,4,53,11,7,73,67,73,0,0,0,1
3,梅田芸術劇場メインホール,,,,0,3,4,54,11,7,74,67,74,0,0,0,1
3,梅田芸術劇場メインホール,,,,0,3,4,55,11,7,75,67,75,0,0,0,1
3,梅田芸術劇場メインホール,,,,0,3,4,56,11,7,76,67,76,0,0,0,1
3,梅田芸術劇場メインホール,,,,0,3,4,57,11,7,77,67,77,0,0,0,1
3,梅田芸術劇場メインホール,,,,0,3,4,58,11,7,78,67,78,0,0,0,1
3,梅田芸術劇場メインホール,,,,0,3,4,59,11,7,79,67,79,0,0,0,1
3,梅田芸術劇場メインホール,,,,0,3,5,4,11,8,19,68,19,0,0,0,1
3,梅田芸術劇場メインホール,,,,0,3,5,5,11,8,20,68,20,0,0,0,1
3,梅田芸術劇場メインホール,,,,0,3,5,6,11,8,21,68,21,0,0,0,1
3,梅田芸術劇場メインホール,,,,0,3,5,7,11,8,22,68,22,0,0,0,1
3,梅田芸術劇場メインホール,,,,0,3,5,8,11,8,23,68,23,0,0,0,1
3,梅田芸術劇場メインホール,,,,0,3,5,9,11,8,24,68,24,0,0,0,1
3,梅田芸術劇場メインホール,,,,0,3,5,10,11,8,25,68,25,0,0,0,1
3,梅田芸術劇場メインホール,,,,0,3,5,11,11,8,26,68,26,0,0,0,1
3,梅田芸術劇場メインホール,,,,0,3,5,12,11,8,27,68,27,0,0,0,1
3,梅田芸術劇場メインホール,,,,0,3,5,13,11,8,28,68,28,0,0,0,1
3,梅田芸術劇場メインホール,,,,0,3,5,14,11,8,29,68,29,0,0,0,1
3,梅田芸術劇場メインホール,,,,0,3,5,15,11,8,30,68,30,0,0,0,1
3,梅田芸術劇場メインホール,,,,0,3,5,16,11,8,33,68,33,0,0,0,1
3,梅田芸術劇場メインホール,,,,0,3,5,17,11,8,34,68,34,0,0,0,1
3,梅田芸術劇場メインホール,,,,0,3,5,18,11,8,35,68,35,0,0,0,1
3,梅田芸術劇場メインホール,,,,0,3,5,19,11,8,36,68,36,0,0,0,1
3,梅田芸術劇場メインホール,,,,0,3,5,20,11,8,37,68,37,0,0,0,1
3,梅田芸術劇場メインホール,,,,0,3,5,21,11,8,38,68,38,0,0,0,1
3,梅田芸術劇場メインホール,,,,0,3,5,22,11,8,39,68,39,0,0,0,1
3,梅田芸術劇場メインホール,,,,0,3,5,23,11,8,40,68,40,0,0,0,1
3,梅田芸術劇場メインホール,,,,0,3,5,24,11,8,41,68,41,0,0,0,1
3,梅田芸術劇場メインホール,,,,0,3,5,25,11,8,42,68,42,0,0,0,1
3,梅田芸術劇場メインホール,,,,0,3,5,26,11,8,44,68,44,0,0,0,1
3,梅田芸術劇場メインホール,,,,0,3,5,27,11,8,45,68,45,0,0,0,1
3,梅田芸術劇場メインホール,,,,0,3,5,28,11,8,46,68,46,0,0,0,1
3,梅田芸術劇場メインホール,,,,0,3,5,29,11,8,47,68,47,0,0,0,1
3,梅田芸術劇場メインホール,,,,0,3,5,30,11,8,48,68,48,0,0,0,1
3,梅田芸術劇場メインホール,,,,0,3,5,31,11,8,49,68,49,0,0,0,1
3,梅田芸術劇場メインホール,,,,0,3,5,32,11,8,50,68,50,0,0,0,1
3,梅田芸術劇場メインホール,,,,0,3,5,33,11,8,51,68,51,0,0,0,1
3,梅田芸術劇場メインホール,,,,0,3,5,34,11,8,52,68,52,0,0,0,1
3,梅田芸術劇場メインホール,,,,0,3,5,35,11,8,53,68,53,0,0,0,1
3,梅田芸術劇場メインホール,,,,0,3,5,36,11,8,54,68,54,0,0,0,1
3,梅田芸術劇場メインホール,,,,0,3,5,37,11,8,55,68,55,0,0,0,1
3,梅田芸術劇場メインホール,,,,0,3,5,38,11,8,57,68,57,0,0,0,1
3,梅田芸術劇場メインホール,,,,0,3,5,39,11,8,58,68,58,0,0,0,1
3,梅田芸術劇場メインホール,,,,0,3,5,40,11,8,59,68,59,0,0,0,1
3,梅田芸術劇場メインホール,,,,0,3,5,41,11,8,60,68,60,0,0,0,1
3,梅田芸術劇場メインホール,,,,0,3,5,42,11,8,61,68,61,0,0,0,1
3,梅田芸術劇場メインホール,,,,0,3,5,43,11,8,62,68,62,0,0,0,1
3,梅田芸術劇場メインホール,,,,0,3,5,50,11,8,70,68,70,0,0,0,1
3,梅田芸術劇場メインホール,,,,0,3,5,51,11,8,71,68,71,0,0,0,1
3,梅田芸術劇場メインホール,,,,0,3,5,52,11,8,72,68,72,0,0,0,1
3,梅田芸術劇場メインホール,,,,0,3,5,53,11,8,73,68,73,0,0,0,1
3,梅田芸術劇場メインホール,,,,0,3,5,54,11,8,74,68,74,0,0,0,1
3,梅田芸術劇場メインホール,,,,0,3,5,55,11,8,75,68,75,0,0,0,1
3,梅田芸術劇場メインホール,,,,0,3,5,56,11,8,76,68,76,0,0,0,1
3,梅田芸術劇場メインホール,,,,0,3,5,57,11,8,77,68,77,0,0,0,1
3,梅田芸術劇場メインホール,,,,0,3,5,58,11,8,78,68,78,0,0,0,1
3,梅田芸術劇場メインホール,,,,0,3,5,59,11,8,79,68,79,0,0,0,1
3,梅田芸術劇場メインホール,,,,0,3,6,3,11,9,18,69,18,0,0,0,1
3,梅田芸術劇場メインホール,,,,0,3,6,4,11,9,19,69,19,0,0,0,1
3,梅田芸術劇場メインホール,,,,0,3,6,5,11,9,20,69,20,0,0,0,1
3,梅田芸術劇場メインホール,,,,0,3,6,6,11,9,21,69,21,0,0,0,1
3,梅田芸術劇場メインホール,,,,0,3,6,7,11,9,22,69,22,0,0,0,1
3,梅田芸術劇場メインホール,,,,0,3,6,8,11,9,23,69,23,0,0,0,1
3,梅田芸術劇場メインホール,,,,0,3,6,9,11,9,24,69,24,0,0,0,1
3,梅田芸術劇場メインホール,,,,0,3,6,10,11,9,25,69,25,0,0,0,1
3,梅田芸術劇場メインホール,,,,0,3,6,11,11,9,26,69,26,0,0,0,1
3,梅田芸術劇場メインホール,,,,0,3,6,12,11,9,27,69,27,0,0,0,1
3,梅田芸術劇場メインホール,,,,0,3,6,13,11,9,28,69,28,0,0,0,1
3,梅田芸術劇場メインホール,,,,0,3,6,14,11,9,29,69,29,0,0,0,1
3,梅田芸術劇場メインホール,,,,0,3,6,15,11,9,32,69,32,0,0,0,1
3,梅田芸術劇場メインホール,,,,0,3,6,16,11,9,33,69,33,0,0,0,1
3,梅田芸術劇場メインホール,,,,0,3,6,17,11,9,34,69,34,0,0,0,1
3,梅田芸術劇場メインホール,,,,0,3,6,18,11,9,35,69,35,0,0,0,1
3,梅田芸術劇場メインホール,,,,0,3,6,19,11,9,36,69,36,0,0,0,1
3,梅田芸術劇場メインホール,,,,0,3,6,20,11,9,37,69,37,0,0,0,1
3,梅田芸術劇場メインホール,,,,0,3,6,21,11,9,38,69,38,0,0,0,1
3,梅田芸術劇場メインホール,,,,0,3,6,22,11,9,39,69,39,0,0,0,1
3,梅田芸術劇場メインホール,,,,0,3,6,23,11,9,40,69,40,0,0,0,1
3,梅田芸術劇場メインホール,,,,0,3,6,24,11,9,41,69,41,0,0,0,1
3,梅田芸術劇場メインホール,,,,0,3,6,25,11,9,42,69,42,0,0,0,1
3,梅田芸術劇場メインホール,,,,0,3,6,26,11,9,44,69,44,0,0,0,1
3,梅田芸術劇場メインホール,,,,0,3,6,27,11,9,45,69,45,0,0,0,1
3,梅田芸術劇場メインホール,,,,0,3,6,28,11,9,46,69,46,0,0,0,1
3,梅田芸術劇場メインホール,,,,0,3,6,29,11,9,47,69,47,0,0,0,1
3,梅田芸術劇場メインホール,,,,0,3,6,30,11,9,48,69,48,0,0,0,1
3,梅田芸術劇場メインホール,,,,0,3,6,31,11,9,49,69,49,0,0,0,1
3,梅田芸術劇場メインホール,,,,0,3,6,32,11,9,50,69,50,0,0,0,1
3,梅田芸術劇場メインホール,,,,0,3,6,33,11,9,51,69,51,0,0,0,1
3,梅田芸術劇場メインホール,,,,0,3,6,34,11,9,52,69,52,0,0,0,1
3,梅田芸術劇場メインホール,,,,0,3,6,35,11,9,53,69,53,0,0,0,1
3,梅田芸術劇場メインホール,,,,0,3,6,36,11,9,54,69,54,0,0,0,1
3,梅田芸術劇場メインホール,,,,0,3,6,37,11,9,55,69,55,0,0,0,1
3,梅田芸術劇場メインホール,,,,0,3,6,38,11,9,57,69,57,0,0,0,1
3,梅田芸術劇場メインホール,,,,0,3,6,39,11,9,58,69,58,0,0,0,1
3,梅田芸術劇場メインホール,,,,0,3,6,40,11,9,59,69,59,0,0,0,1
3,梅田芸術劇場メインホール,,,,0,3,6,41,11,9,60,69,60,0,0,0,1
3,梅田芸術劇場メインホール,,,,0,3,6,42,11,9,61,69,61,0,0,0,1
3,梅田芸術劇場メインホール,,,,0,3,6,43,11,9,62,69,62,0,0,0,1
3,梅田芸術劇場メインホール,,,,0,3,6,50,11,9,70,69,70,0,0,0,1
3,梅田芸術劇場メインホール,,,,0,3,6,51,11,9,71,69,71,0,0,0,1
3,梅田芸術劇場メインホール,,,,0,3,6,52,11,9,72,69,72,0,0,0,1
3,梅田芸術劇場メインホール,,,,0,3,6,53,11,9,73,69,73,0,0,0,1
3,梅田芸術劇場メインホール,,,,0,3,6,54,11,9,74,69,74,0,0,0,1
3,梅田芸術劇場メインホール,,,,0,3,6,55,11,9,75,69,75,0,0,0,1
3,梅田芸術劇場メインホール,,,,0,3,6,56,11,9,76,69,76,0,0,0,1
3,梅田芸術劇場メインホール,,,,0,3,6,57,11,9,77,69,77,0,0,0,1
3,梅田芸術劇場メインホール,,,,0,3,6,58,11,9,78,69,78,0,0,0,1
3,梅田芸術劇場メインホール,,,,0,3,6,59,11,9,79,69,79,0,0,0,1
3,梅田芸術劇場メインホール,,,,0,3,7,2,11,10,17,70,17,0,0,0,1
3,梅田芸術劇場メインホール,,,,0,3,7,3,11,10,18,70,18,0,0,0,1
3,梅田芸術劇場メインホール,,,,0,3,7,4,11,10,19,70,19,0,0,0,1
3,梅田芸術劇場メインホール,,,,0,3,7,5,11,10,20,70,20,0,0,0,1
3,梅田芸術劇場メインホール,,,,0,3,7,6,11,10,21,70,21,0,0,0,1
3,梅田芸術劇場メインホール,,,,0,3,7,7,11,10,22,70,22,0,0,0,1
3,梅田芸術劇場メインホール,,,,0,3,7,8,11,10,23,70,23,0,0,0,1
3,梅田芸術劇場メインホール,,,,0,3,7,9,11,10,24,70,24,0,0,0,1
3,梅田芸術劇場メインホール,,,,0,3,7,10,11,10,25,70,25,0,0,0,1
3,梅田芸術劇場メインホール,,,,0,3,7,11,11,10,26,70,26,0,0,0,1
3,梅田芸術劇場メインホール,,,,0,3,7,12,11,10,27,70,27,0,0,0,1
3,梅田芸術劇場メインホール,,,,0,3,7,13,11,10,28,70,28,0,0,0,1
3,梅田芸術劇場メインホール,,,,0,3,7,14,11,10,31,70,31,0,0,0,1
3,梅田芸術劇場メインホール,,,,0,3,7,15,11,10,32,70,32,0,0,0,1
3,梅田芸術劇場メインホール,,,,0,3,7,16,11,10,33,70,33,0,0,0,1
3,梅田芸術劇場メインホール,,,,0,3,7,17,11,10,34,70,34,0,0,0,1
3,梅田芸術劇場メインホール,,,,0,3,7,18,11,10,35,70,35,0,0,0,1
3,梅田芸術劇場メインホール,,,,0,3,7,19,11,10,36,70,36,0,0,0,1
3,梅田芸術劇場メインホール,,,,0,3,7,20,11,10,37,70,37,0,0,0,1
3,梅田芸術劇場メインホール,,,,0,3,7,21,11,10,38,70,38,0,0,0,1
3,梅田芸術劇場メインホール,,,,0,3,7,22,11,10,39,70,39,0,0,0,1
3,梅田芸術劇場メインホール,,,,0,3,7,23,11,10,40,70,40,0,0,0,1
3,梅田芸術劇場メインホール,,,,0,3,7,24,11,10,41,70,41,0,0,0,1
3,梅田芸術劇場メインホール,,,,0,3,7,25,11,10,42,70,42,0,0,0,1
3,梅田芸術劇場メインホール,,,,0,3,7,26,11,10,44,70,44,0,0,0,1
3,梅田芸術劇場メインホール,,,,0,3,7,27,11,10,45,70,45,0,0,0,1
3,梅田芸術劇場メインホール,,,,0,3,7,28,11,10,46,70,46,0,0,0,1
3,梅田芸術劇場メインホール,,,,0,3,7,29,11,10,47,70,47,0,0,0,1
3,梅田芸術劇場メインホール,,,,0,3,7,30,11,10,48,70,48,0,0,0,1
3,梅田芸術劇場メインホール,,,,0,3,7,31,11,10,49,70,49,0,0,0,1
3,梅田芸術劇場メインホール,,,,0,3,7,32,11,10,50,70,50,0,0,0,1
3,梅田芸術劇場メインホール,,,,0,3,7,33,11,10,51,70,51,0,0,0,1
3,梅田芸術劇場メインホール,,,,0,3,7,34,11,10,52,70,52,0,0,0,1
3,梅田芸術劇場メインホール,,,,0,3,7,35,11,10,53,70,53,0,0,0,1
3,梅田芸術劇場メインホール,,,,0,3,7,36,11,10,54,70,54,0,0,0,1
3,梅田芸術劇場メインホール,,,,0,3,7,37,11,10,55,70,55,0,0,0,1
3,梅田芸術劇場メインホール,,,,0,3,7,38,11,10,57,70,57,0,0,0,1
3,梅田芸術劇場メインホール,,,,0,3,7,39,11,10,58,70,58,0,0,0,1
3,梅田芸術劇場メインホール,,,,0,3,7,40,11,10,59,70,59,0,0,0,1
3,梅田芸術劇場メインホール,,,,0,3,7,41,11,10,60,70,60,0,0,0,1
3,梅田芸術劇場メインホール,,,,0,3,7,42,11,10,61,70,61,0,0,0,1
3,梅田芸術劇場メインホール,,,,0,3,7,43,11,10,62,70,62,0,0,0,1
3,梅田芸術劇場メインホール,,,,0,3,7,44,11,10,63,70,63,0,0,0,1
3,梅田芸術劇場メインホール,,,,0,3,7,45,11,10,64,70,64,0,0,0,1
3,梅田芸術劇場メインホール,,,,0,3,7,46,11,10,65,70,65,0,0,0,1
3,梅田芸術劇場メインホール,,,,0,3,7,47,11,10,66,70,66,0,0,0,1
3,梅田芸術劇場メインホール,,,,0,3,7,48,11,10,67,70,67,0,0,0,1
3,梅田芸術劇場メインホール,,,,0,3,7,49,11,10,68,70,68,0,0,0,1
3,梅田芸術劇場メインホール,,,,0,3,7,50,11,10,70,70,70,0,0,0,1
3,梅田芸術劇場メインホール,,,,0,3,7,51,11,10,71,70,71,0,0,0,1
3,梅田芸術劇場メインホール,,,,0,3,7,52,11,10,72,70,72,0,0,0,1
3,梅田芸術劇場メインホール,,,,0,3,7,53,11,10,73,70,73,0,0,0,1
3,梅田芸術劇場メインホール,,,,0,3,7,54,11,10,74,70,74,0,0,0,1
3,梅田芸術劇場メインホール,,,,0,3,7,55,11,10,75,70,75,0,0,0,1
3,梅田芸術劇場メインホール,,,,0,3,7,56,11,10,76,70,76,0,0,0,1
3,梅田芸術劇場メインホール,,,,0,3,7,57,11,10,77,70,77,0,0,0,1
3,梅田芸術劇場メインホール,,,,0,3,7,58,11,10,78,70,78,0,0,0,1
3,梅田芸術劇場メインホール,,,,0,3,7,59,11,10,79,70,79,0,0,0,1
3,梅田芸術劇場メインホール,,,,0,3,1,56,12,2,0,62,80,0,0,0,1
3,梅田芸術劇場メインホール,,,,0,3,1,57,12,2,1,62,81,0,0,0,1
3,梅田芸術劇場メインホール,,,,0,3,1,58,12,2,2,62,82,0,0,0,1
3,梅田芸術劇場メインホール,,,,0,3,1,59,12,2,3,62,83,0,0,0,1
3,梅田芸術劇場メインホール,,,,0,3,1,60,12,2,4,62,84,0,0,0,1
3,梅田芸術劇場メインホール,,,,0,3,RB,7,12,2,13,62,93,0,0,0,1
3,梅田芸術劇場メインホール,,,,0,3,RB,8,12,2,14,62,94,0,0,0,1
3,梅田芸術劇場メインホール,,,,0,3,RB,9,12,2,15,62,95,0,0,0,1
3,梅田芸術劇場メインホール,,,,0,3,2,56,12,3,0,63,80,0,0,0,1
3,梅田芸術劇場メインホール,,,,0,3,2,57,12,3,1,63,81,0,0,0,1
3,梅田芸術劇場メインホール,,,,0,3,2,58,12,3,2,63,82,0,0,0,1
3,梅田芸術劇場メインホール,,,,0,3,2,59,12,3,3,63,83,0,0,0,1
3,梅田芸術劇場メインホール,,,,0,3,2,60,12,3,4,63,84,0,0,0,1
3,梅田芸術劇場メインホール,,,,0,3,2,61,12,3,5,63,85,0,0,0,1
3,梅田芸術劇場メインホール,,,,0,3,2,62,12,3,6,63,86,0,0,0,1
3,梅田芸術劇場メインホール,,,,0,3,3,56,12,4,0,64,80,0,0,0,1
3,梅田芸術劇場メインホール,,,,0,3,3,57,12,4,1,64,81,0,0,0,1
3,梅田芸術劇場メインホール,,,,0,3,3,58,12,4,2,64,82,0,0,0,1
3,梅田芸術劇場メインホール,,,,0,3,3,59,12,4,3,64,83,0,0,0,1
3,梅田芸術劇場メインホール,,,,0,3,3,60,12,4,4,64,84,0,0,0,1
3,梅田芸術劇場メインホール,,,,0,3,4,60,12,7,0,67,80,0,0,0,1
3,梅田芸術劇場メインホール,,,,0,3,4,61,12,7,1,67,81,0,0,0,1
3,梅田芸術劇場メインホール,,,,0,3,5,60,12,8,0,68,80,0,0,0,1
3,梅田芸術劇場メインホール,,,,0,3,5,61,12,8,1,68,81,0,0,0,1
3,梅田芸術劇場メインホール,,,,0,3,6,60,12,9,0,69,80,0,0,0,1
3,梅田芸術劇場メインホール,,,,0,3,6,61,12,9,1,69,81,0,0,0,1
3,梅田芸術劇場メインホール,,,,0,3,7,60,12,10,0,70,80,0,0,0,1
3,梅田芸術劇場メインホール,,,,0,3,7,61,12,10,1,70,81,0,0,0,1
